date,AAASPR,BAASPR,CAPUTIL,COMMCRB,CONSGOVT,CONSPRIV,CONSSENT,CPAPERSPR,DEBTGOVT,DISPINC,DIVYIELD,EARNINGS,ECONSENT,EMPL,EXCHTRW,EXPORT,FEDFUNDS,GDP,HOURS,HOUSEPERMIT,HOUSEPRICE,HOUSESTART,IMPORT,INDPRO,INVENTO,INVESTM,LIABCORP,LIABHH,LOANSCORP,LOANSHH,NWCORP,NWHH,ORDERNEW,ORDERUNFIL,PCEPRICE,PMI,RETAIL,SHORTSPR,STOCKPRICE,STOCKVOL,TERMSPR,ULC,UNRATE,VXO
01apr1975,.82329941,2.5799999,74.425797,-.038180657,-.84871203,1.6314878,69.30000000000001,.43000001,.74213219,4.5218606,-.48699999,-.36749056,-17.6,-.54466933,.74582636,-2.9584794,-.88329983,.71200377,-.92624909,23.087702,.47804824,9.2544031,-8.3405075,-1.3593982,-1.5189996,-3.0223053,0,.45100763,-3.6336997,-2.2333486,1.6756634,2.6593549,-1.3828135,-6.0946689,-.4270477,41.26666666666667,3.3248942,-.02670002,12.237788,.18686676,2.6567001,.52281421,.60000038,19.888
01jul1975,.61660004,2.2866001,75.8675,.12865463,1.8508381,1.4112383,82.40000000000001,.23999999,.10225677,-1.4643357,.085299969,.12922013,24.76666666666667,.67107689,4.2221246,-1.701298,.73999977,1.6971745,.90726852,12.144468,-1.0203899,15.455076,7.9858379,2.4259183,-.34977138,7.4667187,.64103484,1.2516389,-3.0678921,-1.053321,-1.0220361,-1.5697591,7.308403,-3.2188222,-.019047173,51,3.7433856,.17000008,-1.6412734,-.21634245,1.9666996,.53638029,-.40000057,22.268801
01oct1975,.74670029,2.5166998,77.0905,-.096737027,.87227207,1.0695916,85.65000000000001,.38,.34967041,.77868825,-.099500179,.048613142,37.53333333333333,.90053642,1.0978813,5.4997907,-.74669981,1.3375282,1.709384,6.8732929,.019076215,7.0769134,5.200315,2.1576104,-.35758686,2.7531099,-.32000759,1.5311314,-1.7445042,.25663638,.33825767,1.2910833,-2.0718675,-3.521981,.12394178,54.96666666666667,1.9434537,.21339989,1.6861626,.016881928,2.4366002,1.5225879,-.16669941,18.7285
01jan1976,.80339956,2.5033994,78.975098,.022263426,.15711601,1.9796644,101,.25999999,.25503159,1.2003251,-.43519974,.058631524,22.56666666666667,1.3309107,.046395041,-.69270492,-.58659983,2.2238462,1.6317296,7.3652911,-.51642722,7.2118354,6.0765123,3.0289397,1.2204185,9.2110882,1.5898647,-.26975703,-2.3335333,.69133586,1.834515,1.8372706,7.9585509,-2.3448262,-.10654961,59.56666666666666,3.380867,.089999676,11.045004,.468209,2.8366003,.42965868,-.56669998,18.6859
01apr1976,.76000023,2.1233997,79.457901,.11590382,-1.1188589,.91584074,92,.30000001,.50951004,.56635624,-.029099941,.41997251,37.86666666666667,.68009216,1.1219621,1.002997,.36999989,.73101604,.03976718,-.99109536,2.8125584,.53026623,4.239748,1.2699203,1.8527356,3.8816617,1.2539337,2.1991382,-2.8934598,1.2693193,2.5585761,1.6881083,3.44525,-.15068682,-.31752038,59.2,2.2969222,-.039999962,2.101265,-.19674377,2.6166,.93036717,-.16660023,16.667601
01jul1976,.73329973,1.8899999,79.970901,-.09613134,-.29305458,1.0473557,94.59999999999999,.25999999,.14868927,.77719712,-.015200138,.35774544,23.23333333333333,.48751283,-.57541192,2.8642743,.086599827,.54722381,.39830342,13.825138,.12577352,7.1427193,3.9988346,1.3279548,1.5440066,.34785801,1.5456244,1.5347196,-.60510254,1.134849,1.1105191,.29062441,2.4564471,-.5064972,.36282566,54.66666666666666,1.4781424,-.13329983,2.6219316,-.11466089,2.5799999,1.8351529,.16660023,16.229099
01oct1976,.99329996,2.0232997,80.848999,.027236149,-.061329082,1.2891394,93,.23999999,.14419937,.63244724,.22110009,.32317033,16.53333333333333,.60698825,.6904732,1.0094305,-.40999985,.72222799,.53923738,10.171074,-.55083358,8.2756233,3.2558818,1.7876865,1.1170382,.74534065,-.30721962,1.7920289,.54806376,1.3303101,.48359099,1.0722619,2.7249534,.5641253,-.00058705057,53.93333333333334,2.5403447,-.20000029,-1.6752642,.062979229,2.5167003,1.8173456,.033399582,16.507799
01jan1977,.68000031,1.7533998,81.938904,.082032382,.8464669,1.1718,97.59999999999999,.11,-.13616943,.22448108,.18869996,.11202529,33.2,1.0213739,.32109514,-1.6221874,-.21330023,1.1745708,1.0533276,4.7862296,1.5052503,8.6600704,4.6253328,2.0535693,.87906271,4.5288644,1.2232556,.27341384,.26546198,2.0383112,1.1318107,-.022179838,2.9264557,-.010800442,.11378281,56.06666666666666,3.0904558,-.029999733,-.78277838,.038254742,2.7233,1.2387075,-.26669979,14.9735
01apr1977,.64330006,1.6267004,83.841599,-.058376882,.91080201,.5407784,95.65000000000001,.30000001,-.84714127,.93551338,.27400017,.35271797,34.1,1.3221223,-.39685285,2.6591132,.49670029,1.925451,1.8917266,8.0731869,3.0068622,3.9512711,.91781592,3.0514884,1.0837395,6.9237981,.60606188,2.8294675,.8145088,3.0420308,1.2539657,1.154268,3.1923511,.76682019,-.14819281,57.79999999999999,2.7220867,-.31669998,-2.7553954,-.038735662,2.5299997,1.6149049,-.36670017,15.2592
01jul1977,.59000015,1.4733,84.070702,-.089791082,.40079468,.94111729,97.63333333333333,.25,.18369293,1.3800125,.19799995,.0062299776,17.6,1.2655838,-.60718161,.77282447,.66330004,1.7882676,1.0651271,1.1936448,.70003277,4.6006541,-1.4033974,1.0738086,1.763496,4.9364066,2.0927572,2.4558196,1.0994325,2.7758889,1.462196,.39037171,1.7568238,1.9266132,.12992349,55.5,1.4351054,-.32330036,-.9876669,-.023827121,1.8600001,.88358128,-.23329973,14.5599
01oct1977,.5065999,1.3466001,83.908203,.044406362,-.2387847,1.4923451,101.3666666666667,.44,.2308197,1.8934214,.36730003,.30431312,21.56666666666667,1.1725329,-2.2215307,-3.2584605,.69329977,.0021823202,.97611725,2.7246459,2.3319669,3.2484658,1.4091918,.6469866,1.0793926,-2.5405273,1.7595744,2.4670138,1.4229848,2.8441262,.48891544,.81423777,3.5035932,3.1975808,-.20587645,57.1,2.9112625,-.40329981,-4.2851901,-.011526453,1.4867001,3.0003579,-.23330021,16.994699
01jan1978,.43999958,1.1866999,82.9589,.076850086,.025544716,.56022102,106.5,.36000001,.2824707,.78102142,.41359997,.46228018,13.6,1.0323614,-3.1074588,2.3332548,.2434001,.31867191,.46585584,-.1515485,1.4522719,-12.617019,6.4942112,-.278777,1.7492261,1.9302514,2.0144546,.746979,2.0447745,2.7608941,.95323694,.8684302,-1.2077276,2.8293581,.10498156,56.1,.95950186,-.36339998,-5.0166388,-.068185724,1.6167002,2.5705278,-.33339977,16.2761
01apr1978,.35000038,1.1500006,85.565804,-.021968618,2.4770672,2.1153359,108.3,.68000001,-1.3767624,1.0528587,-.24170017,.5476988,23.06666666666667,1.7951548,-1.0630087,9.9170685,.52659988,3.7914598,2.8746171,7.6961088,2.1835618,14.463033,.31688607,3.9454267,1.6296581,6.2928028,.85106814,3.157501,2.8901739,3.165164,1.4851369,1.6602967,7.50032,4.5808673,.16221775,59.46666666666667,5.8527355,-.80660009,7.1023102,.54403114,1.8432999,-.25526345,-.33330011,17.788099
01jul1978,.26329994,1.0100002,85.592598,.053370487,.91955757,.4190166,106.6666666666667,.70999998,.089630127,.77475744,-.17670012,.11458801,21.16666666666667,1.0296481,-4.9733343,1.0913315,.81670046,1.0005002,.83420855,-8.5910873,1.2355343,-4.5814505,1.2987045,.86808813,.88534713,2.8719349,1.4025462,2.6859245,1.9000309,3.7605867,1.7447636,1.5233204,.97957182,4.580616,-.0097420011,61,1.7369907,-.78670025,5.8082042,.036248896,1.1766996,1.8257954,.033299923,17.6968
01oct1978,.20670033,.96670055,86.4161,.019521512,.89611697,.80370516,102.4333333333333,1.26,-.35200882,.6556924,.30000019,.33406836,14.63333333333333,1.0278392,-1.2618649,3.8920348,1.4832993,1.3351901,1.2049565,3.1258383,.83169299,1.0019052,1.3636264,1.7738183,1.8513201,2.2862053,2.2039504,1.9890158,1.2233719,2.0005715,1.1168078,.52708662,4.2827649,6.1954727,.078710847,60.26666666666667,3.9663253,-1.0132999,-4.5513139,-.24493562,.25,1.810973,-.13329983,22.5683
01jan1979,.18659973,1.0500002,86.103104,.045520917,-.99361438,.51660383,99.13333333333333,.64999998,-.3260498,1.2027496,-.014900208,.60272789,2.799999999999999,.87309599,1.3177456,.078459077,.49000072,.17962405,.71173096,-14.348591,3.0129113,-20.256094,-.27225524,.42272726,1.1796563,.16599594,2.4227271,1.0093478,2.19491,.55227292,1.6496711,2.4786289,2.0977104,5.0462418,-.42042717,58.13333333333333,1.9918041,-.69000053,2.2462547,.051500093,-.27659988,3.4485457,-.033299923,16.108999
01apr1979,.27670002,1.2799997,85.277496,.069328696,.96960998,-.064957552,94.43333333333334,.47999999,-.4732399,-.90821522,.041500092,-.72669113,-3.066666666666666,.73492765,1.5157405,.26023316,.10669994,.10687169,.31544754,5.1710396,1.0684695,10.26151,.53851491,-.21583892,1.2716373,-.090105847,.5305047,1.7841047,3.723727,2.3932555,1.217916,1.0687084,-3.9333582,3.4852602,.814587,54.43333333333334,2.2036655,-.8032999,1.8252683,.11392313,-.26340008,2.4545805,-.16670036,15.6937
01jul1979,.18669987,1.29,84.450203,.074695356,.29166916,.96838361,82.86666666666667,.97000003,-.07875061,.45322275,-.097099781,.32918727,-18.46666666666667,.56650239,-1.7626894,3.5356326,.76669979,.74013084,.9176814,-3.2633939,.26730338,-3.0624974,-1.5389075,-.28021699,.28794867,-1.6984226,2.6111181,2.2015758,2.8208516,1.6207436,1.8895652,1.4335712,-3.0968814,.84797287,-.34445497,50.13333333333333,2.9645257,-1.2734003,4.876915,.15426007,-.56999969,2.3276968,.16670036,17.439501
01oct1979,.096599579,1.3699999,84.238503,.022997757,.65645182,.24851963,91.06666666666666,1.5,.042129517,.17600323,.18540001,-.41380101,-21.43333333333333,.32511961,2.0312183,6.101944,2.6300001,.24976033,.21006273,-17.183718,-.10998029,-13.262726,2.1574368,.38227543,.44852552,-1.7897956,1.7880408,1.4380904,.39512128,-.44604754,1.0809716,1.068203,-2.2789731,.3246913,.23650947,47.26666666666667,2.1080523,-1.7334003,-.85080248,.039746769,-1.3965998,2.6130521,.099999905,18.851101
01jan1980,.1566,1.4932995,84.084503,-.087172866,1.4570401,-.14305417,84,1.1900001,-.076330185,.3455117,-.098600388,-.58900452,-19.63333333333333,.34937388,.033124581,2.7525544,1.4699993,.31402153,-.25160077,-14.575085,-.68221796,-22.964994,.068083733,.40439749,.76043814,-.68620318,1.7566307,-.24484302,.39716834,-1.2185528,.54606497,-.32683912,2.1650989,.62873435,.35093004,46.66666666666666,1.6696001,-1.6933994,4.6074367,.34592095,-1.3666,2.2914128,.33330011,25.157101
01apr1980,.72660065,2.8800001,80.052803,.10442983,.19633821,-2.2778428,55.56666666666666,1.5599999,.42321014,-.88296014,.22180033,-.1718584,-48.23333333333333,-.48047987,-.5043022,1.8676579,-2.3599997,-2.0820034,-1.8459787,-21.832399,-.64707351,-16.355808,-7.5388355,-4.3375635,.38089627,-8.8863325,-.74906647,-.86928391,-1.203132,-4.2655849,1.2599829,1.4401774,-15.623247,-2.0378907,-.20446675,32.36666666666667,-2.1308169,-3.0699997,-1.7068752,-.31315917,.85999966,3.7085931,1.0332999,20.211399
01jul1980,.62339973,2.2133999,78.255699,.1090548,-1.3703874,1.0909787,72.16666666666667,.5,.40384102,1.1169641,-.55299997,-.15304564,-35.6,-.449844,-2.8403943,-.21330234,-2.8499994,-.11891909,-.46653128,38.84573,.63124108,27.436123,-7.4682317,-1.656159,-.69908988,-6.8279891,1.4925694,.39395386,-1.2008148,-3.9320796,1.7480334,1.8027278,7.1030364,-.62694854,-.009903877,43.53333333333333,3.7654934,-.68340015,12.82151,.33315101,1.8000002,2.114928,.33339977,22.175301
01oct1980,.40670013,2.2467003,80.723099,-.034722373,-.022027738,1.3420335,83.33333333333333,1.64,-.61987114,1.3673942,-.28539991,.069071285,13.7,.74788487,1.9091839,-.60745174,6.0165997,1.8477517,1.3430518,-2.7628732,-2.1481237,7.8051338,5.2235823,3.7758875,-.11735875,8.9112911,.24660313,.57202256,2.6141346,-2.5155745,1.1186816,.7642349,4.929533,.46538189,.20615853,55.56666666666666,3.4314864,-2.2399998,7.700058,.15626638,-1.1900005,1.6198343,-.26669979,23.1278
01jan1981,.20329952,2.2867002,80.326202,-.033286996,1.3286595,.33443949,73.73333333333333,.94999999,-.28415871,-.14002058,.13989973,-.050537232,5.066666666666667,.42821252,3.0668278,1.863224,.7166996,1.9404858,.56532103,-10.402746,-1.6676213,-9.6662207,4.1795263,.23807566,1.0406315,8.8520889,4.1019039,-1.5576873,.029502725,-1.8581892,.65125811,-.30454302,-3.8853335,-.82504469,-.21515241,49.2,3.7480505,-2.1799994,-1.2090877,-.13258509,-1.4300003,.94933468,.033299923,20.3365
01apr1981,.23330021,2.0200005,79.953201,-.12286463,.1920673,.0072804843,83.83333333333333,1.24,-.16409111,.11662539,.039199829,.0003197194,1.933333333333333,.26342192,6.171001,.53895694,1.210001,-.74383634,.076656654,-7.6095471,.11915983,-14.520475,.14746113,.30660018,.23855823,-4.2328401,0,.66467184,1.3462118,-1.1913799,1.142831,.77443057,2.4828143,-.76874804,-.32093611,51.93333333333334,-.0019482356,-2.8733006,.95842493,.092546158,-1.1567001,3.0127115,-.033299923,17.193399
01jul1981,.073300362,1.6300001,80.103699,.017653087,-.34498304,.46150559,82.26666666666667,1.72,-.10541916,2.133508,.37940025,.056106344,9.933333333333334,.2092116,4.984086,-2.1532235,-.20330048,1.1904062,-.080700949,-22.321844,-.22611386,-20.358992,-1.1514148,.95717674,.90513456,5.4831538,1.4084727,.22773176,1.7928362,-1.1798018,-.13206752,-.89304316,-3.8152931,-1.2240533,-.046865299,45.83333333333334,2.050245,-2.5234003,-5.5211077,-.18021716,-.20660019,1.2628933,0,21.778
01oct1981,.52999973,2.5965996,77.786201,-.052352019,1.2629813,-.68636602,69.7,1.29,.75253868,.1098443,.2336998,-.30695471,-24.46666666666667,-.43679109,-3.2962263,.4581897,-3.9899998,-1.095522,-.44632745,-16.047289,-1.802454,-9.8774014,2.8229623,-2.2090995,.2517277,-3.5849588,-.23336655,.28124481,1.223983,-1.5236052,1.4676973,1.0379707,-10.2873,-3.1459997,-.063316979,37.96666666666667,-1.0786852,-1.8367004,-2.8246658,.021216631,2.3367004,2.6864133,.83330011,19.716299
01jan1982,.71670055,2.7400007,75.690201,-.019010425,-.11146434,.73389351,61.3,.99000001,1.0571098,.24105152,.46410036,-.021019289,-17,-.69136876,3.4527609,-4.4371314,.63999939,-1.5657352,-1.7271385,9.1506777,.18422483,.76046228,-2.8974011,-2.0763004,-1.3408132,-9.9368191,4.7899594,-1.1931,2.564131,-1.0210928,-1.4340137,-.22591043,1.1594138,-2.3544714,-.30748519,37.76666666666667,.58209914,-1.4133997,-6.7435255,-.017967589,1.4799995,3.0779819,.59999943,21.3594
01apr1982,.57999992,2.8500004,74.314201,-.044142853,.37934583,.30413792,58.36666666666667,1.39,-.010848999,.60149419,.083699703,-.18658519,-1.866666666666666,-.53167659,3.6519017,.59493017,.28660011,.45515984,.47052127,9.9567595,-.49902707,7.4432597,-1.6508079,-1.2844037,-.24520779,-.076001406,0,.19794726,3.0126538,-.35349616,-.35441229,-.19542757,-4.0005975,-2.6745892,-.11095669,37.2,.90892047,-2.0932999,-.05842001,-.0078196703,1.5100002,.7634275,.60000038,17.8211
01jul1982,.63659954,3.1332998,72.940201,-.048811097,.79852289,.66813463,59.4,1.83,1.5231705,.47866839,.07640028,-.23459309,-4.666666666666667,-.76367599,4.1063943,-4.5360532,-3.5066004,-.38303104,-.72797352,8.9549913,-2.5418067,16.553835,4.5338407,-1.4400824,-.10722616,-.920605,.88693351,-.96288246,1.3251936,-.95052189,-.29092774,.3426739,-3.7231395,-4.7001066,.24643233,38.5,1.1703497,-1.6899996,-.26319927,.29334551,3.8000002,1.3721367,.4666996,26.6929
01oct1982,1.21,3.7233,71.360703,.026414206,1.5298798,1.7365102,57.06666666666666,.88999999,1.2562599,.31358889,-1.0002003,-.67146403,9.299999999999999,-.59977406,1.1271285,-4.6904798,-1.7199993,.039939027,-.94461733,21.353579,-.13808239,13.680373,-4.0040851,-1.9014394,-1.6502649,-8.0449858,-.22099961,.76927745,-.057770137,-.75499976,-.029812362,1.3795016,-1.9755741,-2.084825,-.20635156,40.46666666666666,2.9275155,-1.3800001,18.329729,.40256733,2.7600002,.62822247,.76670074,28.7658
01jan1983,1.2799997,3.2699995,72.063797,.034029774,.95647413,.98384875,68.66666666666667,.23999999,.64754868,.9392153,-.34929991,-.060766194,21.76666666666667,.1998243,-2.6406033,1.6002052,-.63339996,1.3092457,.6228959,15.908041,.4609758,23.984314,2.265892,1.1529765,-1.4611127,3.4059806,.44150141,-1.7229407,-.97189605,-.57051712,.77556872,1.4603995,4.0228529,.33926192,-.078143299,51.43333333333334,.92239511,-.54660034,7.6925359,-.036391869,2.4566002,-.27695084,-.30000019,21.5429
01apr1983,1.0267,2.7067003,73.585602,.016793313,.82060945,2.0158088,86.10000000000001,.22,1.0425606,.6906566,-.41179991,.22374238,39.03333333333333,.75817871,1.8830544,.29867464,.14999962,2.2500982,1.1645867,13.501708,.29186162,1.8233893,7.4082079,2.1983116,.35077113,8.485652,1.0953053,2.338623,-.98094255,1.2594031,.39933392,1.6179383,4.9134259,.46377236,-.54432654,55.93333333333334,3.9928818,-.4066,9.715498,.16218023,2.1465998,-1.1832604,-.23340034,19.2801
01jul1983,.71659946,1.8999996,76.018402,.10515742,1.71132,1.777316,90.43333333333332,.2,.45943069,1.4894117,-.043200016,-.6936906,43.9,1.0295149,2.8538735,1.4920404,.65670013,1.9793507,1.9935558,1.7629503,-.66220081,8.1693869,7.5014653,3.3719401,1.2664423,6.0725632,.65146232,1.8900932,.52189112,2.3118951,-.41601929,-.25429153,3.783356,.9492752,.74668646,63.06666666666666,2.2790804,-.31999969,1.7059644,-.08023347,2.4867001,.082225636,-.76659966,18.9424
01oct1983,.72329998,1.9200001,77.863297,.014879629,-1.6131437,1.5809985,97.46666666666665,.41,-.15557098,2.2028518,.041999817,.25032419,40.53333333333333,1.3926888,.0040779454,1.9922333,-.029999733,2.0647566,1.8599335,-1.6231649,-.24621168,-4.0976276,4.7889366,2.6025746,1.5138055,9.2837477,1.5037915,2.7553089,1.4566591,4.0997615,.41760626,-.021072187,7.3527246,3.7453213,-.7111277,66.76666666666667,3.370568,-.63000011,.14089857,.037558805,2.8866997,.6008963,-.83339977,15.8148
01jan1984,.34000015,1.8000002,79.8797,.019265646,1.0542531,.8264544,102,.28,.27894211,1.9778199,.2026,-.12683877,35.93333333333333,1.3098449,.58816451,2.0658078,.25669956,1.9359097,1.9085869,9.819068,.50473487,11.495204,7.73211,2.8888907,2.7503839,9.2254934,3.1482158,.78462946,2.2577417,3.0061622,-.1626368,.84410638,3.8997924,3.2775173,.20928627,60.23333333333333,2.7761707,-.51669979,-3.3118274,.065014653,2.7733002,.76436764,-.66660023,19.571699
01apr1984,.013299942,1.5,80.726196,-.043328077,2.1490538,1.3912541,105.5666666666667,.81,.2723999,1.6473478,.20410013,-.33373091,32.1,1.1075032,1.1836659,2.455122,.86999989,1.7130326,1.2911063,-3.6287293,.1333065,-6.23873,4.1036997,1.5276438,2.4593761,3.200254,3.0521111,2.3353627,3.8295264,3.7465293,.79031879,.51568079,-4.8678713,2.3931487,.15755118,59.23333333333333,2.2394643,-.76000023,-2.9103732,-.16208111,3.4033003,.45203954,-.43340015,17.940599
01jul1984,.1232996,1.8432999,80.808197,-.075073548,.80631077,.73889768,101.1666666666667,.81999999,.76898956,1.3115413,-.075699806,-.18939866,15.8,.98532337,5.3123446,2.1850591,.83330059,.95944816,.42203903,-13.495261,-.017188106,-8.6280165,2.5558145,.70747846,2.3704097,2.1409886,2.3763566,1.9697119,2.1183405,3.4050043,1.405568,1.5117186,.12453142,.27544758,-.22824304,53.03333333333333,-.32324842,-1.0700006,3.0142033,.071562432,2.5467005,1.007707,0,19.721201
01oct1984,.60669994,1.8633995,80.281097,-.029057723,2.0778801,1.2871007,100.5333333333333,.38999999,1.5896072,.81302255,-.062400341,-.084461369,6.766666666666667,.89128739,2.3591781,2.0142269,-2.1233006,.81750941,.63729644,2.1451287,.090216085,-2.5236073,2.8888662,.048842736,1.4564179,-1.3056011,.19549863,2.6777163,1.743148,3.4365103,1.3793849,1.3132023,-.6010105,-1.0469549,-.22713852,50.56666666666666,2.3582635,-.46339989,2.8655479,.011785275,2.9400005,.67606121,-.13329983,18.381201
01jan1985,.67339993,1.8100004,79.938499,.0036787663,1.0831716,1.6847782,100.4,.31,.35574341,-.26134574,-.23009968,-.65735292,15.8,.69237775,5.2325487,.26483282,-.78999996,.96442372,.79346043,5.9152694,.060101055,5.0239787,-2.2300782,.32789883,.10810521,-2.780117,2.5073659,2.2657604,-.089544944,3.4046359,-1.0904931,1.4616644,-.018999986,-.27837935,.64706713,49.33333333333334,1.9791859,-.29339981,7.0686388,.19430302,3.3999996,.97093236,-.066699982,16.520399
01apr1985,.81669998,2.2067003,79.395699,-.07892137,2.1950605,.91384786,102.2,.38999999,.87862015,1.9288965,-.12280035,-.019117273,5.2,.71948403,-2.8538866,-.21467711,-.55340004,.87660396,.67176002,.78910959,.63742405,.65892655,4.7965412,.066943347,.50468999,1.6888953,1.8868467,2.6930857,.072972134,2.4490671,.047834542,1.4160937,-.35276759,-.98643148,-.490944,47.70000000000001,2.2063615,-.46329975,4.1430945,-.024227513,3.3533001,.63596863,.066699982,15.4495
01jul1985,.69329929,2.1332998,78.758598,-.014676728,2.2536283,1.8815236,100.0333333333333,.60000002,.23925781,-.31384027,-.027599812,-.37305835,6.900000000000001,.58906436,-5.022891,-1.4693501,-.023299694,1.5155761,.2790871,6.3199,.52314764,-1.4397182,-.97208196,-.13677257,.31487018,-.68409932,2.0352254,3.1429744,.98789632,2.7819271,.11053196,.33955783,1.0563824,.61888468,.15733409,48.5,1.9011102,-.79330015,1.8762276,-.0577989,3.2300005,.20651218,-.10000038,15.8179
01oct1985,.81669998,2.2166996,78.798103,.027268182,.41136572,.21609607,97.46666666666665,.61000001,2.2280617,1.052371,-.14020014,-.07100901,13.13333333333333,.59509224,-6.7828321,2.9399679,.2033,.74054253,.50163597,-3.6060245,.3768394,7.0181055,3.8388712,.58379626,.87919956,3.619523,3.9502406,4.1924591,.49083361,2.1444228,.64259225,2.5158095,-1.9976548,-.2748833,-.30659074,51.20000000000001,.10697274,-.93660021,4.5167279,.24114412,2.5933003,1.4744072,-.16669989,17.1469
01jan1986,1.0166006,2.46,78.963203,-.091711096,.78697425,.87001818,96,.62,.28699875,1.3064178,-.37290001,-.50965184,18.76666666666667,.41500178,-5.3175988,3.083915,-.27659988,.92917687,-.15787846,3.1067169,.841685,3.9754562,-.099851087,.59973484,.8362956,-.029352278,-.17620713,-.062632702,.086170904,.86622572,.33601221,2.1129973,1.6854715,.76978022,.36019102,51.06666666666666,1.0963396,-.93000031,11.027246,.15225284,1.6599998,.23011489,0,21.6723
01apr1986,1.3999996,2.6700001,78.246902,-.037488554,2.0631156,1.0837927,100.0666666666667,.5,1.2326698,1.2708373,-.27839994,-.38250405,2.633333333333333,.34038317,-5.0165362,1.0709451,-.90670013,.44937515,-.26575705,.94105315,1.377609,-1.0944548,4.1665664,-.61493725,.34484342,-1.7613062,1.0526403,2.0251992,.64736772,1.0533797,.89750922,1.6368272,-4.3337235,-.92302984,-.39258289,51.20000000000001,.85618675,-.78000021,8.9659634,.057746015,1.4633002,.36139426,.13339996,19.517099
01jul1986,1.5232997,2.8733001,78.320297,.045342155,2.1547601,1.7535563,92.96666666666665,.44999999,.81853867,.63549876,.03910017,-.347114,9.733333333333333,.49319831,-4.2365961,2.2629492,-.71330023,.95247513,.50617844,-4.7578731,.81918973,-6.5651388,2.7341866,.39142334,-.21269368,-2.7267148,2.7540441,2.7731044,.55531639,1.6314262,.27247551,.38966709,.71597892,-1.3102862,.0012596035,51,3.5151532,-.68339968,.23525761,.008354946,1.7834001,.82288104,-.19999981,20.8549
01oct1986,1.4133997,2.8299999,78.910202,-.0088097472,-.41403061,.61147833,89.56666666666666,.49000001,1.4275017,.15223555,-.0032000542,-.10323999,16.1,.6477387,.11867485,3.667876,.059999943,.53564841,.74837863,.57614905,.72302932,-2.6699078,.77306366,1.1407894,-.14340799,.29888013,1.8503494,2.5562773,1.4174007,1.1062421,-.0060676052,2.5726562,.49105942,-.57868671,.12585863,50.96666666666667,1.0084891,-.9133997,1.0449543,.025525926,1.9099998,1.5438811,-.13339996,19.855801
01jan1987,1.1734004,2.4667001,79.5467,-.0017713597,.58473891,.099767134,91,.47999999,.025489807,.91714686,-.40820003,-.033671722,6.866666666666667,.60395038,-5.5655103,.089076839,-.046700001,.74239922,1.2353839,-2.6978927,1.3422445,2.8214138,-.58793712,1.3143102,1.3204201,2.6628835,1.6529286,-.41608927,3.3122244,.15740325,1.035252,2.9476697,.52053642,-.77348077,-.18465853,54.16666666666666,-.40379503,-.68330002,13.634848,.24258734,1.6566,.8993786,-.23330021,23.045601
01apr1987,.8234005,2.0134001,80.452202,.079061791,.77235729,1.3554634,100.8333333333333,1.11,.47032166,-.94030446,-.098099947,-.37683126,15.7,.77843422,-3.5865028,4.0370517,.43000031,1.0731277,.54780364,-9.485775,.56464666,-8.8595409,2.4711561,1.7315918,1.0281618,.052092556,.9787997,2.5106523,-.26895252,-.60662514,.50622737,.66186941,4.0721879,1.6356128,.33981356,56.7,3.3046858,-.99329996,4.8795981,.032030508,2.6865997,.053582843,-.33330011,23.207701
01jul1987,.87999916,2.0299997,81.475502,-.009072748,.10499339,1.1348468,110.7333333333333,.87,.067829132,1.7741457,-.1874001,-.1973235,23.96666666666667,.7141943,1.430757,4.249352,.19329977,.86386245,.68919975,-1.7896539,.23532562,.80321717,1.9304851,1.8517194,.13363837,.014505161,.80841494,1.9163585,-.091288537,-.042467281,.58918631,1.3667904,-.1621812,2.5572441,-.074107289,58.93333333333334,2.3585577,-.79999971,8.5361805,.042576827,2.8334002,1.0027699,-.26669979,23.7715
01oct1987,1.0900002,2.2567005,83.0755,.038132399,1.4881685,.21133161,107.8666666666667,1.6900001,.44017029,1.3394957,.74830008,.0016519511,22.86666666666667,.92537576,-5.7154279,3.6627162,.073400021,1.7024819,1.0415012,-6.6463704,-.37518492,-6.4388051,2.2733722,2.4079061,2.1847692,6.5916853,2.3867497,.78783178,.29090011,.85161275,.19773859,-1.277298,1.3374978,.86165595,.12089895,60.16666666666666,.055040121,-1.0534,-22.36133,-.031241206,3.2599998,.20335443,-.16669989,44.154499
01jan1988,1.1399994,2.3365993,83.581703,.001976314,-.83783573,1.751073,112.5,.97000003,.47483826,1.4561911,.0046999454,-.52851295,11.53333333333333,.73398757,-3.4203081,5.4044662,-.25339985,.51529348,.09789779,-.99338573,.60201299,-6.6714115,-.47195497,.90291566,.7226277,-4.9195876,1.7147678,.59104538,-.019585092,1.345678,.62368351,1.7764947,1.8824849,1.9453197,-.051256631,56.1,2.310179,-.94000006,1.0516211,-.27058163,2.6934004,1.3711152,-.1333003,31.9534
01apr1988,.90000057,2.0699997,84.158897,.12899841,.29815367,.73554999,117.2,.97000003,.055931091,1.0243134,.022500038,-.17136766,20.66666666666667,.81724447,-1.1034988,2.7637072,.4934001,1.3053083,1.4105948,3.5263546,.75633585,4.4817853,-1.1585528,.84890056,1.1154567,2.3546915,1.2289003,1.694558,1.3084168,1.2742333,.65601271,1.088693,.56748354,.45146266,.24520859,56.86666666666667,1.657518,-.9467001,1.931362,-.068552971,2.6999998,.95361322,-.23329973,25.4659
01jul1988,.86329937,1.9733,84.348198,-.10457699,.011746109,.88464499,114.6333333333333,1.0700001,.16987991,.96191365,.041800022,-.29655543,21.5,.70129997,5.3099179,1.9514943,.82660007,.58421832,.25656149,-.52916825,-.11841916,-.44823569,2.3319795,.35976401,.93799096,.55400783,.15255155,1.5190145,.76782554,.55411774,.13401046,.50561118,1.1828876,1.071851,-.060973685,56.23333333333333,1.1691028,-.97329998,1.4338021,-.068925008,2.0900002,.9626044,0,21.706499
01oct1988,.5532999,1.5565996,84.765503,.053337283,1.9218272,1.1305813,116.4,.94,.4581604,.93904954,-.0092000961,.007781879,25.7,.80185533,-4.4786358,3.0066013,.48670006,1.323702,1.1183621,4.2895913,-.18975918,4.4373579,3.0006759,.71960402,1.1954738,1.5145032,4.7628074,1.2779295,.046435643,.59817511,.91043371,1.4290847,2.9215953,1.3064358,-.032733697,55.66666666666666,2.8498557,-.74330044,2.9651246,-.029094005,1.2300005,.51091349,-.13339996,19.552
01jan1989,.47999954,1.4365997,84.828499,-.039568644,-.44052789,.46286982,117.9666666666667,.91000003,.017280579,1.1320603,-.10150003,-.081295095,22.16666666666667,.75327462,1.9493504,2.9429088,.97329998,1.0114669,.98912632,-10.769597,.071199633,-4.0786185,.46399537,.44989046,1.3357882,3.3377969,3.0066693,.30786285,.84149247,.17316583,3.3670895,1.0398329,-.23010711,2.4296291,-.026785206,53.43333333333334,.77313882,-.90330029,5.5641832,.093709126,.66670036,.23112072,-.1333003,17.718399
01apr1989,.71339989,1.5934,84.0755,-.032071248,1.5264477,.46569884,116.8333333333333,1.05,.15483856,-.29523399,-.14949989,-.11533113,-4.566666666666666,.4712545,4.3846087,4.2852192,.28339958,.76036823,.37845314,.39303634,.46158409,-9.4035139,.47296268,-.36028498,1.1377021,-.9719857,.28169006,1.8137232,.5925042,.37391654,-1.0302578,1.1252586,-3.6911571,.90696597,-.18026602,49.6,2.2367487,-1.3167,7.4869308,.1319574,.36330032,.098886952,.0333004,17.153601
01jul1989,.85999966,1.7799997,83.020203,-.032957587,.89567089,.96345234,117.3666666666667,.81,.28356934,.66205674,-.17009997,.17572704,-10.56666666666666,.25513086,.65532768,1.0162448,-.64340019,.73815286,.22029269,-3.6958137,1.3565763,-.7156167,-.13612026,-.6156615,.38650849,-.90191978,.84034026,1.7827364,1.1577582,.52772093,-1.018376,1.807546,-2.5426967,.15037172,-.1623075,45.66666666666666,1.744734,-1.2399998,8.74545,.030766185,.26340008,.41918984,0,18.646601
01oct1989,.98330021,1.9066,82.801498,.0136181,.5003503,.43366879,115.0333333333333,.74000001,1.2099419,.84286505,.077600002,.10011445,-4.4,.46294245,-1.7423332,1.5024287,-.46999931,.19685374,-.0011278508,4.9625726,-.081573844,-.64597106,1.7931681,.42849734,.7779997,-.74455243,2.0704687,1.5275397,-.21778142,.51925004,-2.6005142,.92984867,1.8653463,.34894198,.16808684,47,.0060513094,-.96000051,1.0087492,-.043283559,.25340033,1.4103591,.13339996,20.636299
01jan1990,.77000046,1.6733999,82.788498,.035167851,1.5864034,.83807391,107.9333333333333,.41,.58744812,.76505023,.17709994,.087109961,-17.1,.67610604,-1.3629618,4.2511969,-.36330032,1.086864,.29522595,4.5430098,-.58855033,6.3962078,3.1220043,.66058457,.2004239,.98812991,.2728512,.80015546,-1.4591496,-.12753662,-1.7305908,-.56024951,-1.8030009,1.4163589,.23519845,48.73333333333333,3.1557024,-.48999977,-2.6719439,-.10659354,.66329956,.98314697,-.066699982,21.526199
01apr1990,.72000027,1.6333008,82.899399,-.0053468365,.1575243,.30415219,105.6666666666667,.47999999,.77873993,.69353706,-.033699989,-.18804659,-11.36666666666667,.3369478,.41608691,1.2359167,-.0066995621,.36225039,-.44429165,-26.669928,-.70613569,-16.209278,-.16793537,.74586505,.98879266,.031223008,-.40955976,.9346475,-.51202345,-1.31776,-.73330998,-.038050096,-.35288912,.43168616,-.035007428,49.56666666666666,-.5783698,-.49660063,3.8825068,-.024428304,.92999983,1.2402321,.033299923,18.308201
01jul1990,.69999981,1.7133999,82.8125,.0095786927,.15895177,.3953723,90.66666666666667,.47,1.0058327,-.035387393,.21829987,-.15573782,-26.53333333333333,-.12850407,-5.3727212,.75411487,-.083300591,.066501305,-.52805042,-5.8456254,-.40236306,-6.8560829,-.40459996,.41623524,.66347575,-1.9575522,1.3587153,.74195433,-1.129216,-1.5665753,-.66661316,-1.759207,-.72713745,-.25357887,-.10525441,45.73333333333333,1.2993481,-.68330002,-4.1494775,.018516427,1.2266006,.99296582,.3666997,27.227501
01oct1990,.89659977,2.1999998,81.183701,-.071618475,.66638553,-.76366901,61.83333333333334,.91000003,2.2829971,-.85643715,.26690006,-.12287432,-37.46666666666667,-.36972097,-4.7712326,.87673527,-.41669989,-.91455406,-.43836871,-13.559197,-1.2329166,-8.220437,-2.7184834,-1.5607531,-.16047536,-5.7567472,-.27027017,.96024203,-.91200858,-.27353165,.61246789,1.133184,-4.5082369,-.01983849,-.16980627,41.76666666666667,.28630242,-.75330019,-5.6244063,-.097940788,1.4067001,1.8095444,.43330002,25.3873
01jan1991,.91660023,2.1866007,79.369598,-.018907404,.59461069,-.37673885,65.2,.63999999,1.3803902,.2496036,-.35170007,-.17549117,-21.86666666666666,-.42194542,1.4393126,.60927147,-1.3165998,-.46893451,-.97585881,-6.7108746,-.048030708,-15.308566,-1.1461326,-1.9084209,-.55638963,-3.3840132,-.27100262,-.19393951,-1.452845,-1.8413198,-.62003309,1.7011714,-6.1561813,-.53855592,.04797975,39.76666666666667,-1.6333035,-.40339994,10.837014,.16858487,1.9933996,.2726526,.46670008,21.454599
01apr1991,.77999973,1.79,79.580299,-.046997469,.40591776,.825351,77.93333333333334,.47,.32899094,.72894555,-.2335999,.1265301,3.466666666666666,-.43357798,5.9213009,3.5810237,-.56340027,.77668846,-.62420118,11.856704,-.09213154,12.224399,1.7619154,.58134049,-.6702351,-.00035938842,-.27173904,.95981902,-1.9287267,-1.1366669,-.41573316,-.56833357,.029766956,-2.2159579,-.11618181,45.86666666666667,2.0199809,-.3032999,6.9180899,.0093757752,2.5700002,.29231516,.23330021,17.688999
01jul1991,.84670019,1.7433,80.435799,.033588041,-.28049979,.49735245,75.56666666666666,.40000001,1.3157196,.40743107,-.032500029,-.19986179,22.3,-.003692887,-.18282789,2.3394284,-.21999979,.50402564,-.11834016,.69420832,-.7320115,3.0521772,2.7752209,1.4058681,.28987303,1.9606153,.54274166,.20087503,-2.135787,-2.2260833,-2.3949885,.28247476,6.2055483,-.33381385,.12934859,52.8,.1445324,-.26660013,1.8205475,-.069703132,2.5633001,.33465976,.033400059,16.696199
01oct1991,1.0999999,2.0532994,80.297302,-.035316654,-.73441422,-.050057612,55.1,.44,1.6247597,.82790351,-.015100002,-.28070769,-2.633333333333333,.012614397,-4.3806086,2.2260768,-.82660007,.3479003,-.17080387,4.8938375,.61974251,4.1959896,2.185117,.23522104,.61409456,3.4844601,1.2105078,1.3661929,-1.0202385,-1.5952259,-3.5274343,1.6771532,-4.4599257,-2.2320466,-.1126879,49.79999999999999,-.4503603,-.27670002,.38651296,.11113465,2.8067002,.85381913,.23329973,17.6343
01jan1992,.97669983,1.9000006,79.775902,.0080890832,.88238883,1.8550298,51.33333333333334,.27000001,.31080246,1.9925139,-.17759991,-.22840856,4.466666666666667,.021229561,.80870146,1.7906452,-.79339981,1.189936,-.58782279,8.4895687,.0040157125,13.24959,.72377181,-.11134838,-.29599476,-1.8645977,4.3172164,-.25598225,-2.2262833,-1.0169315,-3.5239167,-.38974428,1.2689459,-2.0422881,-.023109876,51.53333333333333,1.9527268,-.13000011,6.2331762,.18576062,3.4099998,.59524614,.26670027,16.7229
01apr1992,.9000001,1.7533002,80.689201,-.0024342411,-.19357581,.67654848,69.86666666666666,.27000001,.5825882,.98675048,.023000002,-.01917661,17.36666666666667,.25839531,.39337724,.047792565,-.25330019,1.0785239,.38993645,-4.2651701,-.72069103,-7.3839335,1.6305722,1.7647448,.3244549,5.5011778,-.25641015,.39669797,-1.9748055,-1.7231061,-1.119872,-.34721318,6.0432792,-1.0733746,-.057221152,53.96666666666667,.88403344,-.089999914,-.44679773,-.12242313,3.6966999,.075102247,.23329973,14.7213
01jul1992,1.3632998,2.0866003,80.785202,-.043461721,.63497102,1.0662165,59.16666666666666,.27000001,.31864166,.46283823,-.039299965,.058478396,21.83333333333333,.24272898,-4.6206336,2.0986006,-.51329994,.98341113,.15601848,3.4448709,.55205762,2.6538866,1.5640304,.7663874,.34291375,.79177022,-.12844898,1.0831487,-1.2965277,-1.3994888,-1.4887279,.85037774,-3.1464038,-2.7078669,-.11281592,52.33333333333334,1.6104548,-.17339993,1.6898384,-.076858319,3.5334001,.24990885,.033299923,14.6513
01oct1992,1.2800002,2.1266999,81.1595,.011907235,-.011558118,1.1848412,66.09999999999999,.47999999,.62453842,.45441622,-.040199995,-.2072466,12.9,.37701637,5.645237,.50289083,-.22000003,1.0377638,.63666314,4.4159846,-.2333449,3.7041137,2.3656752,1.0506463,.52400053,3.0054643,0,1.0465604,-.99139988,-1.2696848,-1.8013995,1.6696773,2.5517218,-1.6618032,.13896057,52.70000000000001,2.0165777,.033299923,1.54775,.1105968,3.6733,-.06241392,-.26659966,14.1467
01jan1993,1.4533,2.1233001,81.469498,.046871968,-1.2483488,.3826915,69.46666666666665,.23999999,.3440094,.37343749,-.11030006,.10748539,27.2,.58532184,2.6257327,.22714946,.0032999516,.16725925,.88847899,-1.3221877,-.64654773,-5.0650644,2.1420462,.88204479,1.2742138,2.3302381,1.2771553,-.50206912,-1.2424884,.82036245,-.6062094,.61105716,-.31287575,-2.430845,-.043450769,54.83333333333334,1.2404879,-.079999924,4.3200259,.2036372,3.3200002,.12604496,-.23340034,13.4531
01apr1993,1.4167004,2.1500006,81.304604,-.025596643,.0089485049,.90550053,62.7,.20999999,1.0486717,.30889773,-.0065000057,-.27047083,13.86666666666667,.53879958,-3.261899,1.1911222,-.039999962,.58073038,1.1607805,-1.0405995,.18631302,8.0854797,2.0449412,.2275259,.63657588,.57367069,.37998441,.86803257,-1.6867043,.47205245,.57335347,.27034867,1.0504107,-1.9471757,.069694154,50.33333333333334,2.3090861,-.033299923,.69833189,.011496785,3.0232997,1.3293777,-.066599846,13.1128
01jul1993,1.2765999,2.0065999,81.269402,.042535473,.142079,1.1068006,60.76666666666667,.18000001,.18568802,.087078519,-.046900034,.015693197,1.266666666666667,.62914509,1.4047725,-.26750943,.059999943,.47617868,.55905181,8.8330498,.24652976,2.5732415,1.3084284,.39172208,.47815731,-.68146843,.12634529,1.4768248,-.71532297,1.8193344,.80831957,.9653095,-.40437621,-1.2377445,-.19842559,50.56666666666666,1.8375798,-.056699991,1.7997988,-.0066670622,2.6134002,-.39955351,-.26669979,12.0484
01oct1993,1.2365999,1.9466,82.068001,.046071943,.35247412,.87402266,70.73333333333333,.28,.56768036,.69255733,-.0552001,.20639363,23.06666666666667,.69457608,1.5329328,3.1723733,-.069999933,1.3509489,.94382942,11.610966,.31032327,9.8640585,3.9387653,1.5060766,.33970332,5.1212859,1.0050327,1.6436116,-1.0504205,1.9768919,1.1163089,1.1221588,2.6592646,-2.3707714,-.044321671,54.26666666666667,1.9698976,.069999933,2.3303277,.14846012,2.5467,.33923405,-.16670036,11.707
01jan1994,1.0932999,1.7800002,82.536697,.0059914743,-1.2449723,1.1373048,83.06666666666668,.27000001,-.36151886,.65818197,-.0070998669,.2629658,22.76666666666667,.76717997,.40645406,.97576058,.22329998,.96554261,.60175854,-2.5661292,.18092039,-3.0212409,2.3029802,1.2321963,.62563771,3.7382319,.49875367,.27234685,.60850447,2.1343133,1.0807202,.13380408,3.2713876,-1.2676058,-.0615981,56.46666666666667,1.9243969,.029999971,1.1166979,.062143616,2.8234,-.87322915,-.066599846,13.4247
01apr1994,.86339998,1.5133996,83.353302,.011876319,.49369666,.7750569,91.16666666666667,.41,-.19992828,1.0020839,.13919997,-.16800599,21.26666666666667,.91946876,-1.635815,3.3196959,.72670007,1.3459419,1.6410363,3.5358458,-.07233011,5.2969394,3.6582434,1.7950251,1.6108744,4.8009577,.61996716,1.232285,1.7820053,2.4478989,1.8134207,.0087472033,3.0993514,-.52064979,.21932502,58.13333333333333,1.9120357,.046700001,-4.0145245,-.15612541,3.0966001,.74630052,-.36670017,13.3685
01jul1994,.83999968,1.5067,83.636703,-.0023465736,1.6716383,.7596249,90.40000000000002,.38999999,-.095405579,.58146566,-.038000107,.11960892,18.26666666666667,.87513608,-3.4798446,3.6741343,.5467,.5828163,1.1572875,-.50792223,-.14481121,-.84447581,2.7732401,1.2690605,1.0942383,-1.647042,.370139,1.3920341,2.1235883,3.5652528,1.4167788,.75913978,1.3761172,.20560664,-.11415955,58.5,2.0584049,-.010000229,2.1671009,.0024221465,2.8566003,.54107666,-.19999981,12.4222
01oct1994,.73329973,1.3700004,84.530296,.029113047,-.87388384,1.0753249,97.63333333333333,.57999998,.37408447,1.4247477,.047800064,.25355545,24.7,.79303932,-.69702524,2.2824056,.67999983,1.1390152,.40893835,.21799693,-.58944476,1.2074471,2.7747521,2.0539358,1.543003,4.031703,1.2240101,2.0708947,2.1532505,3.4971311,2.189049,.2709429,3.0258765,.66003901,-.051147658,58.23333333333333,2.0769055,.11330032,-.1875191,.044754945,2.5566998,-.27877596,-.36670017,14.5761
01jan1995,.79669952,1.3934002,84.534798,-.015759077,.34921247,.24857458,100.3333333333333,.44,.27687073,.85121363,-.1006,.057509944,6.666666666666667,.74881798,-.73703396,1.9085226,.64330006,.35412347,.47036541,-9.4052868,0,-10.596457,2.1704767,1.0210369,1.5377283,1.0446566,.96852964,.10946115,3.6061835,2.1453967,1.0104483,1.5154955,.60670817,-.50872082,.016914273,54.86666666666667,.03582928,-.073299885,4.2774696,.10914539,1.7466002,.51396805,-.16659975,11.7298
01apr1995,1.04,1.6133003,83.922096,.0018871272,.33544993,.87285042,100.4,.44,.65023041,.2831465,-.20459986,.071084678,-13.46666666666667,.37117961,-5.7476511,1.3928308,.21000004,.29789725,-.14548115,1.921864,1.0312682,-2.8084626,.94523841,.31716999,1.1018019,-2.0988827,1.0785024,1.3238178,2.3681464,1.8713526,1.7541341,1.3719361,-1.2318171,-.13456959,.069416434,48.03333333333333,1.5373918,-.42329979,8.6891565,.097301386,1.0232997,.34687063,.19999981,12.9686
01jul1995,1.1100001,1.73,83.757103,.035153337,-.26273605,.90215379,100.3666666666667,.41999999,-.57388306,.91208768,-.15090013,.38264734,2.4,.42139605,3.0137999,4.2365861,-.22329998,.84707934,1.1547771,8.1586056,1.0564367,9.4792185,.34297323,.91200137,.70299846,-.59784949,1.3025602,1.840341,2.071528,2.09039,1.6089872,1.7397715,1.5232557,-.025476033,-.11622345,48.63333333333333,1.4542991,-.42999983,7.6073265,.067442395,.95659971,.55808628,0,13.2305
01oct1995,1.0934,1.7466998,83.462502,.0062683378,-1.0518053,.695144,99.03333333333335,.47,-.55623627,.58272946,-.094899893,.20994134,15.6,.46334612,1.7930495,1.4173672,-.076700211,.6767258,.2356979,2.6326671,.27720475,.14120972,1.2699705,.85425103,.31196901,2.4531236,4.148056,1.3909234,.75507879,.81544203,-.98984456,1.9183239,1.9376082,.98118031,.023945903,46.26666666666667,1.092248,-.45999956,5.6071072,.086892419,.63329983,.25550663,-.099999905,13.28
01jan1996,1.1400003,1.8000002,82.937798,.03295555,.65743715,.91806293,94.93333333333334,.36000001,.85888672,.94244266,-.09800005,.39735758,-4.466666666666666,.42780289,2.2443945,1.196285,-.35669994,.74616492,.18668637,-.65758234,.72894043,3.0115893,3.1989765,.67163503,.057146497,1.593106,1.3453106,1.0025636,1.4337779,1.045267,1.138225,1.6095239,-1.0993112,2.2661829,-.10787308,46.1,1.4857775,-.43330002,6.3741121,.20072086,.98000002,.45972621,-.033400059,17.149
01apr1996,.89000034,1.5766997,83.573502,-.010958755,1.2378275,1.0700363,102.8,.40000001,-.79200745,.91272944,-.041199923,.50361508,20.7,.66450942,1.0310057,1.6119881,-.11999989,1.6540896,.94910574,2.4439712,-.30275223,2.3679085,2.2132947,2.1239908,.45175844,4.6931682,.99723989,1.4686028,1.200797,.57092637,.55652916,.92596543,2.5286584,2.1724727,.081820108,50.66666666666666,1.9421,-.22329998,3.3887594,-.055902049,1.6999998,-.039740592,-.033299923,17.480499
01jul1996,.80999994,1.5132995,83.493698,-.012260158,-.00065132999,.60359406,110.2666666666667,.38999999,.004989624,.80647856,.042999983,.40257365,18.56666666666667,.6127255,-.24615639,.80491912,.063400269,.89298618,.81706411,-2.1851285,-.0078775585,.37814552,3.1907892,1.2878968,.70663184,4.442358,1.2055007,1.4138414,1.3970104,.60929734,.47589245,.50792223,-.37099394,.95709985,-.018234784,50.8,.75489599,-.21000004,.23896748,-.09447924,1.6833,.40023875,-.23330021,17.196501
01oct1996,.88670015,1.5734,83.472099,-.024813754,.68770123,.79336149,110.3333333333333,.47,.192276,.53120947,-.16000009,.31016126,9.133333333333333,.59438199,.56125355,6.0472674,-.02670002,1.0330323,1.1374886,-1.7544194,.20457314,-5.7811589,1.9531628,1.393285,.68386292,-.13196485,2.47457,1.288396,2.2907472,1.5878147,.21788155,1.9555812,1.8777103,1.8505013,.11230692,52.9,1.8341521,-.30330038,9.5579443,.17383282,1.3666,.49060032,.066600323,18.786301
01jan1997,.86339998,1.5066996,83.823303,.022939235,-.52107906,1.0485725,118.7,.28,-.10269165,.94793439,-.12940001,.6138556,14.36666666666667,.62046552,4.8394995,1.8820299,-.00330019,.64348805,.85511571,1.9422626,.43920323,1.0995606,4.1826844,1.8916453,.54723811,1.9990734,.63559979,.37851852,1.7661867,-.026120799,6.5184822,.63123733,-.14453882,.14669809,-.17593788,53.56666666666666,1.6504245,-.21670008,7.7792978,.19073221,1.5033002,1.3527565,-.099999905,21.7516
01apr1997,.87659979,1.4899998,83.709396,-.023732515,1.2875293,.4491865,125.4333333333333,.54000002,-1.2352066,.88230842,-.070299983,.34148759,8.633333333333333,.71650064,1.3826919,3.9199069,.24660015,1.6483396,.47382361,-.61177236,.31643647,2.979816,3.3013012,1.4185075,2.3277965,5.9391956,.63157541,1.2294484,1.9630175,-.50652105,.80107254,3.6327503,2.9908898,.050718311,.12825029,54.9,-.21695073,-.47660017,4.8265309,.023093456,1.6500001,-.55856448,-.23330021,22.304501
01jul1997,.92670012,1.5134001,84.1828,.015047872,.46189103,1.6894014,128.0333333333333,.46000001,-.62197876,1.1698527,-.19789994,.78098041,18.76666666666667,.57871711,1.4029237,2.2898226,.009999752,1.2430898,.57609046,3.3878007,1.136351,-1.2498686,3.6182702,2.2687182,1.5722895,1.3903711,.83594978,1.9214797,1.4921929,.16975541,3.7402029,3.0256736,2.911757,.95262384,-.28740788,55.96666666666667,2.1621664,-.48659992,12.032289,.12594225,1.1966,.17155817,-.13329983,24.972099
01oct1997,.96999979,1.5299997,84.698799,-.058890413,.50061238,1.188133,129.2333333333333,.54000002,.28322983,1.4620445,-.01820004,.92396289,18.23333333333333,.78998137,.93353546,-.13936284,-.026599884,.85514826,.46090168,.93108982,.96711391,4.9737034,2.1344612,2.4762354,1.6228687,1.480944,3.7778857,1.3664991,1.6876982,-2.184927,1.1557873,1.2304761,1.310465,2.2526088,.083218776,55.53333333333333,.45413536,-.41669989,2.2298055,.04253307,.81669998,1.289682,-.20000029,27.860201
01jan1998,1.0799999,1.6666002,84.002502,-.0011352482,-.35849813,1.0064474,133.1666666666667,.41,-.26044083,2.0833769,-.093999982,.61935508,14.06666666666667,.60874635,2.5058224,.46707588,.013299942,.99452454,.63375258,8.3028822,1.1883452,1.7256736,3.6809707,1.1176649,2.3058999,4.2678947,2.2784591,.68640822,2.2607841,-1.7044097,5.3806834,4.3982487,-2.2126606,-.20616311,-.022017637,53.2,.70571637,-.46670008,7.1520081,.054636128,.53340006,1.0898699,-.033400059,21.454901
01apr1998,1.04,1.6566,82.973999,-.064325899,1.7350303,1.7456139,137.2333333333333,.51999998,-.65792084,1.3656445,-.102,.70231527,15.33333333333333,.63103807,1.2383219,-1.1099248,-.019999981,.92154694,.52112961,-3.277585,.59079641,.87298566,2.2660904,.67134756,.75802255,-.61950278,2.0359409,2.0736649,1.5160776,.091968998,.17406113,1.3346664,-.063259847,-.64328289,.011915181,50.66666666666666,2.2264702,-.52330017,8.2976599,.064190701,.62000036,.70170146,-.23329973,21.5811
01jul1998,1.2866998,1.9233999,82.171997,-.054232903,.75043595,1.2955946,132.2333333333333,.62,-1.2650299,1.0023464,.059499979,.43921351,1.500000000000001,.56359911,1.582962,-.46603242,.033299923,1.2447879,.11159897,3.9824073,1.0302094,3.6836963,1.3420882,.73668206,.90726799,2.5384231,1.1450496,1.5842097,2.727263,-1.5649886,1.8082086,-2.1719046,-.88398099,-.71674603,.048760552,49.06666666666666,.043249324,-.71000004,-2.3454022,.081125334,.38000011,.27587497,.13329983,33.5084
01oct1998,1.6633,2.5799999,82.119904,-.06125813,.58833963,1.4343566,124.1333333333333,.83999997,-.17996979,.78850895,-.040799975,.59736645,1.133333333333333,.60156387,-5.2434282,3.633539,-.67329979,1.6029617,1.224326,5.8568921,.85782623,5.4282289,3.1884665,1.4294988,.96937907,3.039634,8.8038702,2.0733111,3.2584851,.73997867,-.44779348,5.2433987,1.258691,-1.8375282,-.037693214,47.9,2.9095023,-.60669994,3.4786296,-.023643021,.41669989,-.20941304,-.099999905,27.555401
01jan1999,1.4366999,2.4199996,81.916603,.0031849686,.67758083,.96559608,132,.41999999,-.39361954,.89989585,-.14700007,.55701321,11.06666666666667,.59146202,.62223035,-.12815951,-.12669992,.94202065,-.15222165,-.31219059,.72268748,-.757653,2.554189,1.1001614,1.7456738,2.7089052,2.4035468,1.0685366,-.13039322,-.27564088,.91683245,.74799168,2.8525865,-1.0184228,.0071000354,51.56666666666666,1.8488419,-.32660007,11.492538,.14648783,.57660007,.44576529,-.13329983,27.5044
01apr1999,1.3933001,2.1999998,81.705299,-.0015129437,.3754966,1.4474705,137.4,.44,-.80828094,.2250158,-.075099945,.62555456,13.16666666666667,.63533968,2.2997293,.94593358,.013399601,.76621866,.56964588,-3.4798319,1.0110276,-8.2271528,2.784456,.95556086,.52262217,.062395848,2.9254103,2.1031792,.42908457,-.33662379,.77703953,2.2615883,-1.2634928,-1.1817709,-.0019233353,54.13333333333333,2.0674825,-.29339981,5.4703169,.06973327,1.0867,.14815374,-.0333004,24.910101
01jul1999,1.4434004,2.2167006,81.513397,.068839759,1.205689,1.1223671,135.4666666666667,.60000002,-.78371048,.67993325,-.0042999983,.618801,12.46666666666667,.57938832,-.94164133,2.8708,.34660006,1.3011583,.61950809,-.77188098,1.0546389,4.7347445,3.6221387,.88701266,.99267316,2.7069006,2.441124,2.1051426,1.8591708,-.74388134,2.6893127,-.60632032,2.4913263,-.16156532,.022344222,55.13333333333333,2.1201303,-.44329977,.92989391,-.14124751,1.2332997,-.059235159,-.033399582,24.8132
01oct1999,1.3467002,2.0999999,82.061996,-.00024372117,1.5488023,1.4545777,136.4,.86000001,-.073329926,1.4907604,-.019199967,.35832128,17.03333333333333,.68646318,-1.8549408,2.4379511,.21340036,1.6853038,.41600847,2.0186343,.58192801,.24203318,2.3835046,1.754721,1.8760544,2.6444049,5.1695204,2.1012437,2.1619117,.3797051,1.1633068,6.0307717,1.310732,1.0058209,.10538609,57.70000000000001,2.2395458,-.26340008,2.2843132,.13479471,1.0966997,.47288442,-.16660023,23.42
01jan2000,1.2333002,1.8499999,82.031197,.044010803,-.7102564,1.5245699,140.8666666666667,.38999999,-.63058853,1.8964286,-.026600003,.42361659,15.06666666666667,.58837181,2.1343806,1.4296228,.36999989,.3611069,.53479522,1.3103225,1.3401109,.26153833,3.8423171,1.0053905,.28925434,-.70575851,2.6366832,1.3133509,1.6747649,2.2420349,-.44203883,2.444437,-.56303769,1.2841253,.097126998,55.79999999999999,2.30918,-.15670013,3.2709272,.25051478,.96000004,3.6150148,-.033400059,25.814199
01apr2000,1.5899997,2.4165998,82.186203,.04363,.97283286,.96121079,140.5333333333333,.72000003,-2.2322998,1.0998082,-.019400001,.71603978,8.833333333333334,.59048069,2.9151917,2.8021238,.59660006,1.8146014,.18431149,-7.3228321,1.3016012,-4.4579582,3.0572405,1.2029853,1.4383672,5.7515235,3.3628902,1.8161894,3.0261834,2.1360464,-.84253156,-.98895156,4.0878258,1.4153318,-.22967397,53.1,.074304864,-.55999994,1.9801873,-.10307449,.46339989,-1.7644572,-.099999905,26.8144
01jul2000,1.7133999,2.4266996,81.303398,.01172051,-.43395388,.97717506,142.1,.47999999,-.50183868,1.1545373,-.039900064,.47649845,9.1,.19018434,1.7975637,2.4124823,.24669981,.1334673,.060093515,-1.0238997,1.3533006,-5.3728809,3.4300153,-.097309843,.87365174,-.98609251,2.6251943,2.0787175,1.532125,1.9053919,7.0837646,1.3069621,-4.7617521,3.5773408,.13397866,50.7,.88276553,-.50330019,1.9322389,-.071002305,-.12339973,2.0015237,.066699982,22.565201
01oct2000,1.8365998,2.6465998,80.355698,.0055457647,.6000734,.85640699,132.3333333333333,.44,-.74244308,.35680667,.077299953,.65144956,.3666666666666665,.20288506,3.1255512,-.85107797,-.046700001,.62095702,-.40223974,1.4897009,1.0445672,2.6469827,-.0195639,-.21084593,1.0567259,.19139388,.20986846,1.4718139,.46490386,1.8077813,10.830909,-1.6063908,-2.8842499,.74320912,.027605442,47.03333333333333,.68420434,-.45660019,-7.6841564,.10502292,-.44999981,-.52844661,-.099999905,29.323299
01jan2001,2.0267,2.8299999,78.556198,-.080254912,1.5235575,.39950195,113.9333333333333,.34999999,.88955307,.90207094,.069800019,.33384225,-28.83333333333333,.15579577,-.39772606,-1.4910382,-.88000011,-.28558075,-.050754745,5.7463441,1.8644485,3.8747306,-1.6113974,-1.3279395,-.98502612,-4.6430655,.5574922,.04324175,.55273414,.93580782,-1.7967918,-1.0765724,-5.0455203,-1.4963851,.096280649,42.5,.63868237,-.77659988,-6.8628607,.044333659,.23330021,2.6873786,.33330011,29.5847
01apr2001,1.9533,2.7667003,76.886299,-.022606883,1.7264884,.23614435,114.9666666666667,.38,-1.0927429,-.17478622,.018400073,.56891215,-9.833333333333334,-.26751217,3.4157102,-3.3511233,-1.2665997,.58285344,-1.0911839,-1.1433281,1.284084,1.5456258,-3.1055825,-1.2698756,-.14345086,.14260644,.55440146,2.2066114,-1.4506906,.75523704,-.3983964,2.2908735,-2.9296567,-1.7806697,-.19708622,42.4,1.0315174,-.66670012,-3.4100435,-.088453129,1.6099999,-1.4185706,.16669989,25.8951
01jul2001,2.1266999,2.9699998,75.241302,-.076558292,-.098850325,.34212708,109.1,.13,.76890182,2.2811835,.1006,.39768574,-12.96666666666667,-.30053812,-.9304812,-4.9956727,-.83000016,-.41590324,-1.0855947,-3.6778569,1.2710358,-1.878469,-2.0154262,-1.3883451,-.67880559,-2.1875656,0,3.0046363,-2.3341594,-.048174232,-.055074744,-2.6345611,-4.3856311,-2.4749959,-.1101802,45.33333333333334,-.67916167,-.32669997,-7.6183414,-.12547746,1.8099999,-.26463467,.43330002,32.346199
01oct2001,2.1532998,3.1532998,73.959702,.0010497977,1.6377674,1.484252,88.26666666666667,.13,.94649124,-1.2717961,.028299928,.24446854,-17.43333333333333,-.60736018,.82129633,-3.2162569,-1.3634,.27200258,-1.1648347,2.4600623,.72600871,-1.8719705,-1.4124291,-1.0524548,-1.7829633,-5.0795951,-2.5902734,1.0704653,-3.0118175,.47939217,2.7233367,3.0000503,-1.3189729,-1.9673373,.23712656,43.4,3.331568,-.22660005,-2.2538941,.051879063,2.8632998,-.3546764,.66669989,26.913099
01jan2002,1.5465999,2.8799996,74.112099,.072390191,1.7158319,.30558476,101.1666666666667,.079999998,-.084701538,2.2291892,-.018999934,.29689044,11.26666666666667,-.32342422,2.3928149,2.1723354,-.4000001,.8707093,-.88536584,4.9013796,1.1348643,9.2991343,2.9011405,.73568571,.076356016,2.9076142,.63626373,1.3384702,-2.2304575,.43335578,-.28431824,1.1367249,.16578457,-2.4399602,-.21435721,50.2,-1.4587824,-.013299942,1.2888055,.037230521,3.3567002,-1.6926653,.19999981,22.7995
01apr2002,1.6133003,2.9233003,75.003899,.021101167,.76501346,.51213509,108.3666666666667,.090000004,.57284164,.67472535,.10249996,.057728082,14.36666666666667,-.095366038,-3.813818,2.7560754,.016700029,.60390824,.27938709,0,1.1189928,-1.8746887,3.3116128,1.5427285,.73631018,1.6297961,.14084832,1.7132214,-2.7461283,.31106669,.073385723,-1.8936265,.78019315,-1.8908153,.28022364,53.03333333333333,.97225136,-.03670001,-5.7432017,.034585927,3.3866999,.73004252,.1333003,27.02
01jul2002,2.0899997,3.3666997,75.327698,.079156563,.53255731,.72191894,95.2,.090000004,.42007828,-.087219179,.28110003,.39264122,3,-.063035592,-4.1920209,.51898748,-.0099999905,.44358546,-.33435908,1.7921282,1.4634795,.37382743,1.2515287,.58547068,.60333622,-.14814042,-.35248673,2.0488758,-2.5351233,.90580195,-.094583832,-2.8470221,1.1483598,-1.5548699,-.071870856,50.33333333333334,1.1877044,-.096699953,-17.748489,-.020618193,2.6167002,-.24900347,-.099999905,39.891499
01oct2002,2.2733002,3.5932999,75.311897,.03466351,.76815343,.57305229,81.73333333333333,.13,1.1965485,.5920099,.025900006,.55595016,2.333333333333334,.0081665432,-.21190381,-1.6478382,-.2967,.15470262,.099924535,4.2989287,1.0599724,1.8870414,1.637658,-.022193346,.731489,-.0617438,-4.1086836,2.5003045,-1.5322775,2.8722417,7.1362438,2.3658657,-3.3121645,-2.4364901,-.14931011,49.7,.40791687,-.11000001,-.75584704,-.086360693,2.6733999,.310608,.13339996,33.041801
01jan2003,2.0833001,3.1999998,75.852898,-.010157202,.11670378,.4692196,68.33333333333333,.090000004,-.087249756,.23488773,.081900001,.46089843,0,-.11748293,-4.7618313,.10117126,-.19330001,.55323142,-.53477019,-.86358362,.96996111,.36548576,-.50906551,.62216121,.60722476,.76626492,-.073612288,1.8558999,-2.0472498,-.26525915,2.7264469,.32424352,2.3565478,-.64296353,-.10946871,48.79999999999999,.87987846,-.093299985,-3.2135589,-.10357284,2.7632999,-.43534264,0,33.708698
01apr2003,1.6900001,2.8533001,75.373802,.0069968086,.94161296,1.1167743,82.7,.11,1.1898727,1.2114813,-.15350008,.098446794,-1.166666666666666,-.17648959,-4.7642217,-.14853913,-.0032999516,.85658097,-.26644501,1.7197733,.91553837,1.0125264,1.403556,-.75017381,-.30810997,.68776846,-.36886939,3.960422,-2.1833405,.046386667,.86173046,3.7287159,-.6741612,.38146043,.053559419,48.03333333333333,1.0027306,-.20670009,8.7007885,.13910979,2.5799999,.47272331,.26659966,22.842899
01jul2003,1.4633999,2.5734,75.942802,.041434348,.23429926,1.4561611,78.56666666666666,.12,-.31836319,1.6756232,-.084599972,.17582457,16.33333333333333,.01023579,-.17890127,2.7435076,-.23000002,1.683953,.16397525,5.2815719,1.112685,7.469161,1.6402103,.66093385,-.058560658,3.5789607,-.44444123,2.318676,-2.0636544,.86958158,-.51024669,1.5229449,1.6416299,.17335662,.1159208,52.2,2.7492123,-.086700022,6.4512014,-.0087150829,3.3033001,-.75367808,0,20.587299
01oct2003,1.3700004,2.3766003,76.7304,.046585284,.60654569,.67577159,89.66666666666667,.15000001,.81752014,.26314577,-.023299932,-.12870139,27.16666666666667,.23394933,-5.8517938,4.2117033,-.020000041,1.1416206,.45130056,1.7904819,2.3778794,7.4422917,3.0205693,.97303116,.5435816,3.3133831,2.4203596,2.1863935,-3.3346829,3.6311409,-2.7047641,3.7204423,3.6670287,2.533669,-.00037647615,57.90000000000001,.46308875,-.079999983,5.4385824,.028097056,3.3699999,.42333725,-.29999971,17.214199
01jan2004,1.4366999,2.2533002,77.309303,.10576388,.44994047,.88584256,91.56666666666666,.12,.36395264,.45951822,-.049300075,-.098252825,31.23333333333333,.31083089,-2.9394503,2.6869476,.0065999627,.53233451,.43531859,1.1259758,.93957126,-5.9366693,3.1539645,.69967848,.781636,.19821468,.28943554,1.4307686,-1.8255,3.718833,2.6421444,4.0222173,.17319861,2.235568,.20504206,60.43333333333334,1.8098669,-.086599946,7.023304,.15415758,3.1033001,.16200091,-.1333003,16.444901
01apr2004,1.3267002,2.0633001,77.789902,-.064893283,.26653346,.62024742,96.3,.13,.25029755,1.1393607,.067700028,.035610154,30.63333333333334,.54740101,3.1121016,1.5282795,.0067000389,.75918704,.10555211,4.1890903,1.8135183,.98557037,3.9898539,.57004458,1.0268272,3.9167848,.21652649,2.4963908,-1.4992918,.14220384,4.8449268,1.0174642,-.17858185,2.3581581,-.03003992,60.83333333333334,1.0477655,.066699982,-.91480333,-.030511668,3.5232999,.97419554,-.099999905,16.2456
01jul2004,1.3400002,2.1466999,78.231201,.069183327,.1828005,1.0997783,100.3666666666667,.17,-.097839355,.65078562,.079100013,.28780881,26.5,.24984634,-1.7573892,.75704426,.42330003,.94088733,.59040493,-.49802905,3.3865681,2.026813,1.318886,.55530828,.85643965,1.5394446,.43165836,2.240298,1.5879683,.52011454,4.3710728,1.959543,.62498724,2.1798134,-.21346623,58.6,1.5355921,.05340004,-1.689817,-.090235062,2.8165998,1.3076621,-.16669989,15.3479
01oct2004,1.3134003,2.0134001,79.279503,-.0037263546,-.055026706,1.0818233,96.06666666666666,.18000001,.68431091,1.2551268,-.052000046,.093978569,23.83333333333333,.42845252,-5.5423331,2.2024071,.51670003,.99668783,.53381914,.78607535,1.5665548,-.59187192,2.1646645,1.413119,1.1138299,2.0649769,1.6376268,2.8770635,1.1602795,-.083973981,1.3817631,3.8414426,1.6374117,1.0541902,.1685742,56.56666666666666,2.4999378,.056699991,5.0883284,.17409842,2.1665998,-.041987851,0,13.8642
01jan2005,1.0233002,1.6700001,80.25,.099294938,.49841848,.58177519,104.1666666666667,.19,.28108978,-1.1793489,.0085999966,-.087076031,16.56666666666667,.34694797,-.66265607,2.3130436,.51999998,1.1008787,.20252004,.90671104,1.5821109,5.269165,.95655394,1.4213541,1.6932859,2.7725279,1.1934159,1.2087041,3.1591954,.41814667,.14547849,.82422274,.46057603,.84113765,.15608327,55.83333333333334,.89345735,.066699982,2.5656657,.086550407,1.76,-.41758409,-.13329983,12.742
01apr2005,.98670006,1.8133001,80.398804,-.021468086,-.056997865,1.1281592,102.2666666666667,.28999999,-.24053955,.94549644,.076500058,.22944552,11.1,.54636049,2.7359402,1.7676648,.47329998,.46050388,.62170285,1.5399462,2.6898754,-.98635268,1.3233551,.50535345,.20733534,-1.3395547,1.0413119,2.4445009,3.1602385,-.53989762,2.3422685,2.0854168,5.1815977,1.901419,-.23717764,51.79999999999999,1.9698151,-.079999924,-.87011969,.011540257,1.2966998,.8227219,-.20000029,12.2103
01jul2005,.87999964,1.7666998,79.721802,.082578391,.33014116,.96599519,98.86666666666667,.30000001,-.34337234,.29520926,-.011900067,.41254634,8.799999999999999,.55057275,1.1969545,.24005568,.51670003,.88738143,.21644197,4.1538954,2.5968196,2.3447397,.65535456,-.45958823,.33697253,1.3130261,.61962438,2.5932634,2.4815335,1.2419745,1.9761171,2.3855455,-1.7201756,4.3376751,-.084546536,54,1.8289003,-.10000014,3.5326684,.016354844,.85330033,.45154703,-.13329983,12.1664
01oct2005,.89000034,1.8467002,80.172699,.042753428,.077737898,.29651484,95.76666666666667,.38999999,.92527008,1.2727584,.046700001,.25562632,9.333333333333334,.35607472,1.4067277,2.8483112,.51999998,.62947756,.6591081,-2.6834023,1.5915889,-1.5033028,3.1451797,.96598727,1.2654555,3.1990538,.82023627,1.7778913,2.2187333,-.72267687,2.9983332,1.8921835,7.1339197,4.7551231,.273375,56.33333333333334,.4813104,-.15330005,.5152247,.06221607,.6632998,.55043584,0,11.8896
01jan2006,.81999969,1.7367001,80.604797,.039509192,1.261757,1.1089444,105.6666666666667,.23999999,.25205231,1.926706,-.024999976,.4323346,11.8,.5932675,-1.021112,3.7298901,.47669983,1.321521,.96764898,-.5701496,1.0104661,2.4668953,2.1034341,.93530047,.84465051,1.4737568,1.083293,2.3101673,2.7281795,-.52489847,1.4435868,2.3668375,.099097021,4.8485832,-.083838098,55.03333333333333,2.7416484,-.063399792,4.1838784,.12919061,.17670012,1.2639625,-.23339987,11.4803
01apr2006,.82329988,1.6666999,80.742203,.063482799,-.029738799,.50532591,106.6333333333333,.38,-.2972908,.24424285,.051100016,.4375132,13.2,.38280708,-3.3620713,1.9358877,.45000029,.23342519,.24403882,-11.465861,.30530646,-13.368857,1.0841004,.59967148,.98236352,-.64689094,.6711396,1.9737251,3.3290589,1.1233484,2.9382403,-.58606261,-1.4439217,4.5585394,.14559893,53.63333333333333,.40230426,-.20340014,-.097996138,.084104344,.36670017,.15085509,-.10000038,14.1776
01jul2006,.78329992,1.6966,80.617996,-.041105118,-.14354399,.60528302,104.3666666666667,.40000001,.10728836,.25837597,.041399956,.39729813,5.233333333333333,.31431091,-.57252395,.032872416,.33999968,.15451393,.5443176,-11.561901,.28492802,-8.5884886,.9362455,.37935004,.91793132,-.38655257,1.2628983,1.9800737,3.232753,-.76434743,2.0241997,1.0619845,-.078482665,3.3338122,-.17111623,52.96666666666667,.61859584,-.33999968,.51307297,-.16052023,-.010000229,.46996665,0,12.1674
01oct2006,.75670004,1.6500001,80.268997,.064834028,.81767553,.96310526,106.8,.34,.49235153,1.3110349,-.081799984,.51837945,1.666666666666667,.27004203,.020807652,4.103415,0,.84825456,.33975631,-8.0383186,.58918369,-8.0924196,.12878138,.22006387,.37471938,-1.9591216,1.8325102,1.5930408,1.8709455,1.620591,.90373099,1.8007903,2.0378103,5.441113,-.10997538,51.03333333333333,.25924838,-.3434,7.5546503,.090929858,-.27329969,.91478676,-.19999981,10.5724
01jan2007,.68330002,1.6167002,80.411102,.031310972,.14720426,.55800426,109.8666666666667,.25,.44683075,.84836882,.002300024,.25431404,4.600000000000001,.40189549,.33846822,1.3875012,.010000229,.23521878,.026524832,1.6104132,-.35114929,-7.1726413,1.1901735,.87777925,.18013301,-.69041055,1.3526778,.55695248,2.0712121,.21877773,1.5058765,.65303189,-.25437585,3.9658172,.2939887,52.43333333333334,1.2243271,-.27339983,2.5455103,.13369933,-.30330038,2.1388912,.066699982,12.4443
01apr2007,.73000002,1.6465998,80.882103,.007116532,.90397257,.18517013,106.7,.5,-.62739182,.25574413,-.040300012,.73089385,7.966666666666666,.26221207,-3.1511834,1.5251395,-.0067000389,.57123667,.40269509,-9.8010912,-.44495183,-.70962316,.62558633,1.2203296,.6220026,1.0969138,2.651665,1.8141602,2.9326856,.46005449,1.8510711,.5205462,1.8427045,3.8878031,-.35131028,53.26666666666667,.95407712,-.51329994,4.8626261,.079035103,.11000013,-.46900687,0,13.9644
01jul2007,1.0233002,1.9000001,80.776199,.086775817,.45134926,.56201446,105.6666666666667,.94,.31553268,.088779256,.057800055,.44931301,4.600000000000001,.058197472,-2.9628301,2.9588864,-.17670012,.541803,-.35439751,-10.282127,-1.6114715,-11.838625,.40521073,.27515492,.74350166,-1.014497,1.8519119,1.2729039,4.8416018,2.5793319,1.7333804,.38407171,.40681818,3.6123052,.11757302,52.6,.77202576,-.76999998,-.36868697,.1190972,.42670012,-.58757085,.16669989,21.8773
01oct2007,1.27,2.25,80.946404,.061775278,.77160931,.28440228,91.19999999999999,1.42,.89044952,.067965545,.048200011,.073520981,3,.16813059,-4.9495831,2.9557796,-.57660007,.60599893,-.24265562,-10.077781,-.96299225,-10.028764,-.91102397,.30398363,.66097766,-1.2380396,1.0949032,.83976656,5.432507,1.8090845,1.1361043,-1.6979997,.43769771,3.1754162,.15913764,51.46666666666666,1.3027921,-1.1066997,.21932456,-.075635992,.87000012,.31814325,.1333003,24.443501
01jan2008,1.7933998,3.0867,80.754204,.08125706,.2200201,-.2661252,76.53333333333333,1.1,1.5532799,.27737868,.2428,.42382413,-17.8,.037592538,-1.8246391,.84584564,-1.3199997,-.57635748,-.29749393,-14.785909,-1.2833931,-9.1543694,.31156525,-.36964762,-.14604463,-2.6662719,-1.1560855,.29136068,3.5376606,1.1752359,-2.8554878,-3.6501398,-.04264177,4.6852145,-.093178168,49.79999999999999,-.76797229,-1.1334002,-10.127202,.036010899,1.6200001,1.7789598,.19999981,27.436501
01apr2008,1.7133,3.1032999,79.706596,.14336413,.84639597,.1620262,57.3,1.05,-.30500031,1.8135059,.00099992752,.49123019,-18.06666666666667,-.34270698,-1.7243527,3.1459992,-1.0900002,.51505715,-.56797028,3.4519248,-3.0341165,-5.142519,-.90478367,-1.4849409,-.37513119,-1.8302464,-.12247679,-.93428004,2.2026136,.66146982,-3.3402662,-2.5320752,-2.890573,2.7619867,-.076569095,49.1,.46764061,-.45999992,1.576673,-.070560619,2.2599998,-.86887413,.33330011,21.836399
01jul2008,1.7899997,3.3433998,77.065804,-.27568454,.78032613,-.75160128,57.26666666666667,1.3,3.4630966,-2.1239626,.21790004,.52724671,-10.56666666666667,-.51578861,3.6865115,-.6860581,-.14669991,-.54282236,-1.1466713,-21.158632,-3.6719658,-15.872361,-1.2974983,-3.3497572,-.4462305,-2.0253377,-2.0427818,.51771486,1.2399007,2.1340642,1.500517,-3.8310163,-6.5872073,.88697368,-.0087176645,49.36666666666667,-.98360848,-.4467001,-9.1336231,.055978097,2.3700001,.64659828,.66669989,33.422298
01oct2008,2.5634,5.5867004,73.578697,-.21995445,.65226912,-.93501163,40.7,1.64,5.9160156,.86734742,.84139991,.81261271,-38.76666666666667,-1.1733035,10.30693,-5.7057185,-1.4333,-2.1875641,-2.4754117,-29.599812,-.9715836,-26.286688,-3.746186,-4.3714962,-1.3264104,-10.114644,-1.9577478,-2.1378837,3.4942889,4.556438,-3.6463857,-5.2311492,-16.90867,-1.6507283,-.42237255,37.23333333333333,-8.3904686,-.20999998,-31.920628,-.312511,2.9566,1.6768401,.86670017,59.091801
01jan2009,2.5366001,5.4765997,69.222298,.015767694,1.0985758,-.22611527,29.86666666666666,.57999998,3.8097153,-.4299511,.27890015,.63358521,-35.03333333333333,-1.6788532,1.7532486,-8.4247627,-.32339996,-1.1290443,-2.6136134,-17.028572,.64333045,-23.210766,-10.40479,-5.7787819,-2.2037222,-12.279922,-2.8462498,-.80051559,-2.9248502,1.9457012,-.91065162,-2.2950823,-20.678116,-5.5185442,.045074604,36.73333333333333,-2.1848791,.030000001,-11.703868,-.30752406,2.5234001,-3.5884449,1.3999996,44.999401
01apr2009,2.2,4.6700001,67.108002,.078023963,1.4284633,-.40584615,48.29999999999999,.23,3.1392059,1.0692719,-.48620009,.018761309,-15.8,-1.4058121,-4.1142197,.30235064,-.0032999963,-.14409511,-2.2587037,3.7648573,-3.1270192,1.6352489,-4.2448683,-2.8909698,-2.8443975,-5.9387269,1.6271105,-.59502214,-4.7168131,-3.378933,-8.4215393,.68195629,-1.3263484,-6.0520554,.35838369,43.43333333333333,.32264802,-.0067000091,9.7534132,.026560063,3.1399999,.41802618,1.0333004,30.388201
01jul2009,1.7499998,3.1432998,68.163101,.076982409,.26311752,.68752134,51.76666666666667,.13,2.1517334,-1.1371828,-.47420001,.27320078,5.766666666666666,-.73989511,-5.4797745,3.5705688,-.023300007,.36344647,-1.1445616,8.1233959,-3.0341592,9.6273823,4.0862269,1.4913629,-2.8965826,-.22854048,1.5375048,-.31968454,-7.4369526,-1.7047302,-6.5155501,2.1447849,5.8394084,-3.5868976,-.095954239,52.66666666666666,1.9891589,0,11.07296,-.13275106,3.3600001,-.91067874,.33329964,24.2409
01oct2009,1.7399998,2.8667002,69.499397,.11761016,.18493174,-.14843041,50.96666666666667,.15000001,1.5721436,-.024641771,-.35649991,.14368862,14.86666666666667,-.38572282,-3.3545477,5.7362347,-.036700003,1.0923953,.020031961,2.7101862,-1.3734325,-3.5759218,4.737628,1.5572947,-.25975788,8.843524,.12706773,-.65435922,-6.4879041,-1.7356501,.53139508,-.019046498,2.0881135,-4.1481595,.26775351,56.26666666666666,.62289631,-.063299999,8.8292751,.014086008,3.4033,-.77924544,.30000019,21.155001
01jan2010,1.5766001,2.5699997,71.287003,-.036087882,-.38625151,.49323326,51.73333333333333,.1,2.6032028,.56063306,-.13570011,.31150615,13.66666666666667,-.13370433,2.7366641,1.4903337,.013300009,.3840408,-.029522607,5.3616858,-1.4906449,8.4954033,2.3867223,1.9471486,.23034175,2.2499003,.69598293,-1.2347658,-5.3535304,-.29185086,-1.9328178,1.3849053,10.699348,-1.4105446,-.33200982,56.86666666666667,1.4890031,-.026600003,2.9765971,-.0081897005,3.6100001,-1.1353683,-.10000038,18.4932
01apr2010,1.5533001,2.6867001,73.1782,.0087788915,.34116986,.79222995,58.23333333333333,.25,1.6817245,1.6341594,-.028499961,.25210336,17.7,.48953342,3.6641421,2.3379397,.059999987,.91780883,.87854421,-9.2324266,-1.1274945,-2.6231012,4.5301409,1.9448954,.46188399,5.1149478,-1.6529256,-.6551587,-2.3744011,31.122921,6.7286625,-1.1268026,3.5216722,.72571039,-.067118585,57.33333333333334,1.6875077,-.046599999,1.209671,.27002549,3.3433001,.81199867,-.19999981,27.078699
01jul2010,1.7932999,2.99,74.570297,.12871467,-.68335986,.69689977,50.93333333333334,.14,1.4839706,.70940304,.089100122,.32085735,5.266666666666667,-.019418942,-2.2845159,2.7319796,-.0065999925,.73450363,.54818171,-4.3744583,.80877876,-3.7804184,3.601028,1.2976873,1.9939579,4.3630977,2.4692574,-.57176203,-1.016328,-1.7509428,-.67484015,3.058713,3.6924555,1.0624959,-.088494442,55.93333333333334,.4880982,-.030000001,-3.4830015,-.25708926,2.6300001,-.13609216,-.16660023,22.427
01oct2010,1.9933999,3.05,75.095001,.16061555,-.62634701,.65920007,57.03333333333333,.12,2.0922012,.55912906,-.15160012,.3714267,11.6,.25373003,-3.9325087,2.8596072,0,.5006485,.42934796,1.6129347,-1.0014465,-6.657248,.80655015,.33134913,.97568411,-.31907508,.87173277,-.16776989,-.22543463,-2.0824413,-14.734001,2.3624458,.27482861,1.8693217,.13858077,56.93333333333333,2.7173066,-.049999997,9.3629379,-.019195413,2.7266002,.19524728,.0333004,17.7911
01jan2011,1.6700001,2.6300001,75.604599,.066489413,-1.2267087,.42444843,66.86666666666667,.12,1.3313065,1.013851,-.0977,.06320677,27.26666666666667,.25181836,-1.4923605,.84559876,-.030000001,-.24073137,.16647777,-2.8399439,-3.2619059,7.1162205,.64708942,.55964124,.5282169,-1.903185,1.1710491,-.73916531,.59527868,-3.8500004,.83892536,1.1234716,3.6799021,1.4006242,.20072451,58.9,2.2656252,-.030000001,7.8822913,.095861033,3.3333001,2.4969883,-.4666996,16.9732
01apr2011,1.8266997,2.6399999,75.799896,-.062209748,-.67648602,.221178,61.76666666666667,.14,-.79638672,-.21792147,.042299986,-.13536133,6.2,.52376521,-3.3131609,1.6076628,-.0634,.71242821,.83336139,7.5828199,-2.3531241,-1.3833075,.59123129,.40066719,1.0913149,4.0097051,-.12262698,-.9284206,1.4655256,-.20789172,1.8005378,.17496893,-.70033687,1.3244649,.10951447,56.16666666666666,1.6679265,-.046599999,1.2429469,-.064773776,3.1633,-.85263127,.033399582,17.1499
01jul2011,2.0366001,3.0366001,76.402496,-.10119873,-1.4352069,.39080217,50.26666666666667,.18000001,2.3006287,.43563518,.21139991,-.069479294,-7.666666666666667,.31016466,.33156362,1.054412,-.0099999979,-.027779412,.38347724,2.3162866,.26102287,7.5433683,1.1336398,1.1624101,-.18491164,.3303107,-2.1079466,-.86975056,2.2027454,-.16817261,.6426214,-3.2142911,2.9688361,1.4457264,-.10197477,53.06666666666666,.88685334,-.060000002,-7.1411724,.14350419,2.4034002,1.1093297,-.066699982,33.250198
01oct2011,1.8800001,3.2066002,76.766197,-.014774868,-.07043469,.18257186,53.63333333333333,.2,1.5098801,.31052005,.087900162,.040169392,4.166666666666667,.42127576,3.6746392,1.0263852,-.010000005,1.1526182,.76358318,9.9271698,.069917127,8.1118622,1.3689494,.98716694,1.2673118,7.4247355,2.8414514,-.29527342,2.2291493,-.0572365,-.85154223,1.7784852,2.9431307,1.9958957,-.11116556,52.06666666666666,1.6240613,-.059999995,-.2015983,-.26108494,2.0334001,-1.9857719,-.36670017,27.2218
01jan2012,1.8599999,3.1632998,77.061699,.017501375,-.43159622,.79976064,67.53333333333333,.16,1.0511322,1.8546224,-.11440015,-.41709563,8.866666666666667,.59266222,.73626846,.61896807,.030000001,.77994043,.82010615,8.4114256,-1.7174908,5.1739788,.54221892,.94855106,1.1945305,2.0671966,2.7036839,-.96989524,2.8927796,-.25904664,-.68829232,2.4014704,2.1580923,3.042836,.28524953,53.06666666666666,2.0298898,-.036600001,9.4729986,-.098481014,1.97,1.9585156,-.36660004,16.313801
01apr2012,1.9766999,3.27,77.125298,-.059841741,-.52432299,.14827038,65.26666666666667,.12,.73944855,.9050104,.066400051,.046557806,-2.533333333333333,.31331229,1.460533,1.0844095,.050000004,.42927676,.12650041,2.8835549,-.82757002,4.424685,.49125648,.63446891,1.1231155,2.2763581,.23682076,-.66861385,2.7382307,.47580966,1.2454319,-.45703584,-2.7456791,.86023051,-.24363996,51.93333333333334,-.16633317,-.066600002,.21918848,.028752949,1.7366,.065605693,-.066699982,19.675501
01jul2012,1.8134,3.23,76.7388,.072502531,-.15376253,.16303644,65.03333333333335,.1,.66579437,-.71840692,.0062999725,.037306037,-4.966666666666667,.30587932,.14718254,.51964182,-.010000005,.13485941,.47146121,12.036368,.99548721,5.3972301,.53352082,.010197747,1.4569523,.45275277,1.7585403,.024790877,2.7723627,-.011755018,.30233353,2.5112932,-2.1414175,.43120641,-.12773493,50.66666666666666,.79637349,-.039999999,3.7658432,-.1334829,1.5400001,.30625203,-.16669941,14.9474
01oct2012,1.8333,2.8666,76.769402,-.04515861,-.99196595,.44719198,70.43333333333334,.1,1.6258545,2.7326143,.084300041,-.037141662,-3.1,.3900021,-1.1862897,-.12741388,.0167,.11380663,.50999278,4.6988511,.360719,15.152323,-.96772373,.5230661,.49623793,-.89332396,.46377957,-.12031718,2.0316305,-.20943525,-1.7212509,.96283716,3.0873294,.57472515,.15731674,49.79999999999999,1.4273044,-.073299997,1.1338838,-.003448698,1.62,2.9671035,-.23330021,16.4753
01jan2013,1.9266999,2.8599999,77.030899,-.0049344082,-.90003866,.51719826,62.76666666666667,.079999998,.76628876,-4.0844216,-.063299894,.32427701,-1.633333333333334,.47116926,2.2092011,1.1340346,-.0167,.88177705,.44016275,3.964097,.11888948,4.8720217,.29194954,.77969664,1.2311728,3.6607995,2.1739938,-.6660642,1.7582617,.054904297,-.43121994,3.4085577,-1.5943812,.93625402,-.045410372,52.53333333333333,1.7411181,-.056599997,6.5700974,.034856398,1.8633001,-2.0350018,-.066699982,12.9322
01apr2013,1.9665999,2.8399999,77.075699,-.097980961,-.17685227,.071945406,75.13333333333334,.1,-.61442566,.74224782,-.058500051,.15617362,4.433333333333334,.43101215,2.1326861,1.1949565,-.026599996,.12331931,.35250932,3.4753218,1.2382002,-9.3772879,1.4342391,.42909807,.73990214,1.1124622,.8453114,-.21623147,1.0893922,.7708295,2.8416622,1.2576363,4.7978134,.84937096,-.085833184,50.56666666666666,-.14691754,-.066699997,6.0997186,.13175593,1.9467001,1.0793741,-.20000029,14.4551
01jul2013,1.7967,2.6932998,77.1222,.033802096,-.5394839,.40590549,81,.090000004,-1.2596436,.43140724,-.012399912,.1445635,14.96666666666667,.38475302,.024843391,.62481087,-.033399999,.78036761,.49654725,.27017504,1.1541148,1.6378176,.71894634,.3561146,1.5577221,3.7957218,2.110023,.17366661,1.0529454,.21712762,3.3617351,2.932152,-4.0642838,1.3386333,.075486965,54.73333333333333,.92785275,-.050000001,3.99089,-.12837835,2.6767001,-.7381441,-.29999971,13.9971
01oct2013,1.8465998,2.6099999,77.452003,-.018572349,-.78840476,.85798091,73.96666666666667,.059999999,1.0834656,.39430252,-.06490016,.084771536,7.266666666666666,.46151569,-.98512608,2.8864636,.0033999979,.79507309,.36028647,3.8052664,.34740683,13.414513,.5457924,.68209976,1.640398,.36217135,2.2814682,.10521004,1.1778895,-.14688592,.73305911,2.5273566,3.3460662,1.2042328,.089984059,55.83333333333334,.73402905,-.023400001,5.5233498,.067758873,2.6834002,-.038741317,-.30000019,12.6627
01jan2014,1.6767001,2.3534002,77.843201,.098081827,-.41472411,.39314929,80.53333333333335,.079999998,2.4765167,1.3833227,-.013199925,.47320989,9.933333333333334,.36797544,1.4688636,-.70871818,-.013400003,-.28310782,.49037731,.32414147,.54215568,-7.7238584,1.1270487,.76745898,.80953085,-1.1155523,.32171321,-.59679478,3.004384,.056750659,-.34647435,1.4843862,-1.4837136,1.1703362,-.14691624,53.86666666666667,.75516587,-.026599996,3.5432835,.097694442,2.7165999,2.9167454,-.26660013,13.7888
01apr2014,1.5934,2.1967001,78.638603,-.028367097,.1254164,1.0889581,83.43333333333334,.079999998,-1.7582169,1.3529314,-.0055000782,-.061698865,16.5,.5826391,-.70750064,2.1397772,.020000003,1.3446043,.71997112,.452059,1.4254206,5.5193601,2.5088725,1.328535,.97734964,4.1335649,1.5405298,.4614678,2.6047847,1.1467127,.81662911,1.6614289,2.0876033,1.3138298,.13981701,55.53333333333333,2.4104233,-.059999999,3.5383778,-.023655247,2.5900002,-1.4687861,-.46670008,11.1263
01jul2014,1.6200001,2.2432997,78.798698,-.10750207,.66707778,1.0702806,90.90000000000002,.1,-.56761932,1.1605735,-.017999887,.16438533,22.16666666666667,.5366869,1.9227898,.4448972,-.0032999963,1.2135392,.66113311,2.9208272,1.0543802,4.3291159,.25707477,.59108543,.94013023,2.0250804,1.3612788,.40421462,2.4177909,1.0633153,1.4390804,.16672978,7.7929521,5.3974571,-.09858574,56.26666666666667,.85389107,-.063300006,3.9000602,-.038824141,2.47,-.29126266,-.13329983,12.6057
01oct2014,1.5967,2.4599998,79.001198,-.08933039,-.048256323,1.205426,92.73333333333333,.11,1.055336,1.3130122,.016299963,.096849971,25.06666666666666,.57854766,5.8921633,.96077377,.0099999979,.56121278,1.1150268,1.2438123,.55621082,1.7949044,2.4017432,.65402985,.8568846,.10843261,3.3242624,.23892783,2.0647728,.70362091,.2929768,1.8833419,-11.304814,-.39547849,-.095869042,56.06666666666666,.43040138,-.076700002,1.8096576,.18647449,2.2567,1.5175501,-.36670017,14.9031
01jan2015,1.6033,2.5332999,78.141296,-.06996683,.51114053,.8272711,101.3333333333333,.12,-.69976044,1.1292943,.010200024,.36296952,10.23333333333333,.48317671,8.0025921,-1.1182674,.0099999979,.781762,.21129897,.70822501,.83453858,-6.7677612,1.6927924,-.76721025,1.4272637,3.0827854,2.4349113,-.3327181,3.1732543,.50348651,3.878525,2.0011737,-1.3915592,-1.0757921,-.09153039,52.96666666666667,-.526905,-.083300002,2.5235114,-.04126621,1.9399999,.56813014,-.16669989,15.3614
01apr2015,1.73,2.6666002,76.920898,.038238261,.98674315,.79281551,96.23333333333333,.13,-1.3034515,.74958336,.015299916,.19662601,7.966666666666666,.49827933,.49864689,.95682043,.013300002,.73862988,.48816118,15.305429,1.2920196,16.535309,.68067127,-1.3518348,1.46517,.078323945,1.7518632,.55714071,2.4596043,1.0721903,1.0185406,.060212757,-.69238687,-1.4439638,.24298169,52.33333333333334,1.6771243,-.10330001,1.852093,-.0090661123,2.1466999,.35811982,-.099999905,14.1944
01jul2015,1.8666999,3.0232999,76.811401,-.10820895,.51158029,.7594223,98.3,.2,-.68806458,.73237062,.11669993,.13708843,2.466666666666666,.45010123,1.9078879,-.99794072,.013400003,.33010963,-.020727403,-9.7550783,1.1764352,.40253773,.81580287,-.017868396,1.1230159,-.13260406,.24091144,.11871897,1.7292045,1.3603293,2.9017844,-1.489248,-.19500448,-1.0441927,-.086640127,50.8,.98978031,-.096700005,-3.6606584,.075400285,2.1800001,.13312705,-.33330011,20.232901
01oct2015,1.8032999,3.23,75.753304,-.025182715,.27018577,.44682217,96,.23999999,4.1715469,.31674939,.01150012,.41530013,-6.066666666666666,.50408804,1.4340367,-.3972272,.023299992,.03251842,.79667401,5.2033362,.63669556,-2.8228409,-.00042309222,-1.3144222,.63356388,-1.543448,2.1424236,-.053096481,1.7748885,1.5586576,-2.4278839,1.505087,-.72692698,-.87425977,-.09157975,48.96666666666667,-.079659887,-.036699995,2.0587986,-.063378878,2.0667,.69150817,-.066699982,18.059099
01jan2016,2.0067,3.3867002,75.298698,.022210613,.939659,.77825606,95.96666666666665,.27000001,1.4492493,.66614413,.14610004,.26104456,-.6333333333333334,.41051832,.207491,-.77115846,.20000002,.50213176,.27813962,-4.1637659,.50299019,1.4359365,.21597502,-.51892209,.48390815,-.40371254,1.1706995,-.41947928,2.0024559,1.4898677,-2.4578145,.62486982,-1.9291246,-.62127239,.16531211,49.53333333333333,.29739919,-.073300004,-6.0153637,.054793663,1.6332999,-.20742971,-.099999905,19.855801
01apr2016,1.8367,2.9133999,74.772003,.11003867,-.174547,.71559381,94.83333333333333,.30000001,-.56893921,-.10658906,-.11190009,.12519428,-.833333333333333,.38152087,-3.9999866,.97060341,.013299972,.46924463,.34519413,1.5676675,1.4229312,1.3007842,.1955362,-.57869399,.15726048,-.42904079,1.6162919,.49326724,2.2714984,1.5097084,1.0532793,1.0677435,-1.3438402,-.81114739,.084969819,51.5,1.098621,-.11659998,6.3226652,-.025428355,1.4965999,.15513736,-.033299923,15.1216
01jul2016,1.7733999,2.6933999,74.995903,-.034055091,.42954901,.63491815,100.6666666666667,.40000001,.08291626,.44726837,-.056699991,.055468529,6.833333333333333,.49116659,.83263439,1.4883547,.023400009,.54082179,.25417173,3.9101055,1.2879708,-.80740023,1.1445837,.45807004,.12578624,.12839979,1.6356593,.7960549,.26867351,1.8818779,3.4698966,1.8422682,-.25836691,-1.6372098,-.011196414,51.26666666666666,.96515048,-.099999994,4.0778146,-.08579322,1.2666,.15014459,0,12.4622
01oct2016,1.6799998,2.5099998,75.122704,.0052143182,.26347241,.6185376,107.8333333333333,.34,1.1093903,.59803766,.0053999424,.24068625,13.86666666666667,.37110144,3.6964915,-.63970786,.053299993,.50145209,.22303614,2.8684318,.54855078,8.5417824,1.8119909,.32814798,.61805981,2.2216971,1.4762063,.32908463,.74881452,.91080093,-.33665106,.88483208,2.3217235,.25810912,-.12687148,53,1.0080229,-.019999981,1.0824732,.058284182,1.7,.6191085,-.1333003,13.2403
01jan2017,1.5167,2.2166998,75.475998,-.0059876787,-.063170098,.59334385,117.5333333333333,.33000001,-1.7678146,1.1920322,-.095699906,.13642682,32,.40424651,.74184245,1.4691504,.25,.56518662,.36723578,1.8330047,.45668095,-1.8782349,.99483484,.5842706,.21255584,.84205687,.84014922,-.05216407,-.8007555,.63995337,-1.5667546,1.8035012,-.66037577,-.93987966,.054988984,56.73333333333333,1.6895276,-.11000001,5.8710918,-.032110054,1.8533001,.77462679,-.16669989,10.796
01apr2017,1.5367,2.2333999,76.462799,-.039209694,.33674756,.59315318,118.1,.19,-.89770508,.66481072,-.0273,.25055876,28.03333333333333,.34661052,-1.4644827,.38958964,.25,.53297937,.55567491,-2.3895187,2.1385014,-5.1122379,.85569876,1.3634531,.44984439,.87610257,.70207292,.76533347,-.41674858,.23763844,2.7897596,1.4322975,3.4319251,.024818482,-.086940221,55.93333333333334,.27593058,-.060000002,3.361939,.0095297545,1.3733,.39626214,-.23329973,9.7664003
01jul2017,1.4100001,2.0900002,76.272697,.010210931,-.027184565,.58473659,120.3333333333333,.2,.70805359,.57971573,-.019899964,.28414011,23.1,.36152178,-5.1705093,1.0857792,.20330006,.78768575,.29449049,1.790942,1.3210914,.511801,.31143045,-.2011158,.85509807,1.7932435,1.8627284,.54077244,.45037276,.68262696,1.3910513,1.7231026,-.56658369,.2257171,.038496412,58.5,1.0662975,-.11660004,2.9403477,-.078788191,1.2066,.34823826,-.066699982,9.1363001
01oct2017,1.1900001,1.9000001,77.591301,.034828559,.59765494,1.1331427,125.9666666666667,.17,-.34779358,.90720594,-.070200086,-.01191922,26.1,.36632523,.69333977,2.4002976,.049999952,.87105823,.80948478,3.7653315,.42582217,6.9295473,3.281085,1.8121318,.38365486,1.1366795,1.3217049,.81018782,.075066812,1.7990756,.32639769,1.9796032,2.6880617,.39007443,.17206734,58.5,2.3423054,.0033999681,5.4131665,.076814964,1.1632999,1.0439328,-.16670036,8.7934999
01jan2018,.98670006,1.7099998,77.870399,.0086655607,.47052887,.4169665,127.1,.27000001,1.7140656,1.6657313,-.051699996,.2105033,25.56666666666667,.43390867,-3.1702178,.18789832,.24339998,.62996292,.49518847,3.7256007,.89923048,4.7289519,.15116173,.56437284,.53409916,1.5123323,-.33941451,-.30937487,-.12368211,.73172551,-.27131563,.061009903,1.6047785,.28532591,.028007496,59.86666666666667,.88569647,.11329997,4.7818694,.15535848,1.2,.78704238,-.066599846,17.878099
01apr2018,1.0167,1.8566999,78.478996,-.0035820785,.6316579,.98311216,127.1666666666667,.34,-1.2556534,.66181922,.057100058,.34740192,25.5,.46811384,2.4893436,1.414257,.29000008,.86337709,.51157928,-3.0991168,1.7693511,-4.7289519,.06587445,1.11742,-.10041363,-.46168262,.042490881,.30555636,2.673861,1.4161682,3.4193926,1.21071,1.1657417,1.0097347,-.039728265,58.86666666666667,1.2803159,.10329998,-1.0824744,-.037977189,1.08,-.39228904,-.16669989,13.8754
01jul2018,.98329997,1.8866,79.104698,-.044037748,.51264715,.85317653,132.6333333333333,.16,.35381317,.80627549,-.054100037,.38853502,19.56666666666667,.44720444,2.1287558,-1.5984632,.18659997,.7210471,.54911637,-3.353121,1.1538368,-2.1396976,2.0705698,1.2567219,1.0305332,3.2134771,2.4340265,.76967686,1.2070293,.41698122,-5.3634992,1.5038821,2.1819594,.82557869,-.13631827,59.56666666666666,.82886964,.11669993,5.3244934,.019670058,.88670015,.39594448,-.10000014,12.679
01oct2018,1.0934,2.1066999,79.441299,-.034568544,-.093463376,.35651204,133.6333333333333,.22,1.4571686,.69513899,.16170001,.45622063,13.56666666666667,.4336561,1.4774908,.36558241,.2967,.27096593,.28054973,2.1214917,.1696232,-3.9707448,.85284585,.94814765,1.0568488,.73901635,-3.1160486,.39678958,1.790447,.61622423,6.0771456,-4.0451393,-1.8983554,.30050552,.042074386,56.86666666666667,.34574911,.096699953,-5.7380772,.60223746,.71659994,.15775217,0,23.258301
01jan2019,1.1766999,2.3166997,78.620499,.036201045,.7145474,.28289023,125.7666666666667,.13,-.74691772,1.1007533,.023300052,.53283447,8.866666666666667,.41033044,-.049189348,1.0155622,.18330002,.76229095,.10755217,-1.6061531,.79797739,2.3353856,-.37786189,-.48820597,1.2376873,1.4937071,6.2183313,-.22459285,2.3524544,1.0402745,-2.8868949,4.6292944,.035234034,-.40043288,-.17023942,55.36666666666667,.29375187,-.016600132,1.1110655,-.29880232,.26660013,1.3835503,.066699982,15.0803
01apr2019,1.26,2.2634001,77.749199,-.018020423,1.171906,1.1135141,128.2666666666667,.1,-1.2027435,.37695432,-.07310009,.37009084,8.466666666666667,.28983527,.76681566,-1.4541715,-.0066001415,.49844775,-.13602108,-1.8153962,1.3612206,3.4570074,-.0048922291,-.57236838,.65747797,-1.6344682,.080355398,.62531888,.38087186,1.1122674,3.9517171,1.182631,-4.0492783,-1.4906894,.19904092,52.20000000000001,1.8487077,-.096699953,5.7399344,-.30519944,.033300161,.59939051,-.23339987,15.7244
